id,type,seq_length
AP024522.1_prot_BCT69849.1_1,P,242
AP024522.1_prot_BCT69850.1_2,P,261
AP024522.1_prot_BCT69851.1_3,P,338
AP024522.1_prot_BCT69852.1_4,P,210
AP024522.1_prot_BCT69853.1_5,P,213
AP024522.1_prot_BCT69854.1_6,P,311
AP024522.1_prot_BCT69855.1_7,P,848
AP024522.1_prot_BCT69856.1_8,P,301
AP024522.1_prot_BCT69857.1_9,P,94
AP024522.1_prot_BCT69858.1_10,P,59
AP024522.1_prot_BCT69859.1_11,P,262
AP024522.1_prot_BCT69860.1_12,P,140
AP024522.1_prot_BCT69861.1_13,P,130
AP024522.1_prot_BCT69862.1_14,P,294
AP024522.1_prot_BCT69863.1_15,P,227
AP024522.1_prot_BCT69864.1_16,P,398
AP024522.1_prot_BCT69865.1_17,P,333
AP024522.1_prot_BCT69866.1_18,P,568
AP024522.1_prot_BCT69867.1_19,P,529
AP024522.1_prot_BCT69868.1_20,P,271
AP024522.1_prot_BCT69869.1_21,P,154
AP024522.1_prot_BCT69870.1_22,P,169
AP024522.1_prot_BCT69871.1_23,P,98
AP024522.1_prot_BCT69872.1_24,P,154
AP024522.1_prot_BCT69873.1_25,P,210
AP024522.1_prot_BCT69874.1_26,P,281
AP024522.1_prot_BCT69875.1_27,P,266
AP024522.1_prot_BCT69876.1_28,P,262
AP024522.1_prot_BCT69877.1_29,P,161
AP024522.1_prot_BCT69878.1_30,P,179
AP024522.1_prot_BCT69879.1_31,P,419
AP024522.1_prot_BCT69880.1_32,P,188
AP024522.1_prot_BCT69881.1_33,P,203
AP024522.1_prot_BCT69882.1_34,P,293
AP024522.1_prot_BCT69883.1_35,P,1140
AP024522.1_prot_BCT69884.1_36,P,118
AP024522.1_prot_BCT69885.1_37,P,477
AP024522.1_prot_BCT69886.1_38,P,278
AP024522.1_prot_BCT69887.1_39,P,144
AP024522.1_prot_BCT69888.1_40,P,1149
AP024522.1_prot_BCT69889.1_41,P,181
AP024522.1_prot_BCT69890.1_42,P,170
AP024522.1_prot_BCT69891.1_43,P,337
AP024522.1_prot_BCT69892.1_44,P,828
AP024522.1_prot_BCT69893.1_45,P,226
AP024522.1_prot_BCT69894.1_46,P,182
AP024522.1_prot_BCT69895.1_47,P,125
AP024522.1_prot_BCT69896.1_48,P,91
AP024522.1_prot_BCT69897.1_49,P,109
AP024522.1_prot_BCT69898.1_50,P,147
AP024522.1_prot_BCT69899.1_51,P,200
AP024522.1_prot_BCT69900.1_52,P,639
AP024522.1_prot_BCT69901.1_53,P,121
AP024522.1_prot_BCT69902.1_54,P,455
AP024522.1_prot_BCT69903.1_55,P,103
AP024522.1_prot_BCT69904.1_56,P,264
AP024522.1_prot_BCT69905.1_57,P,162
AP024522.1_prot_BCT69906.1_58,P,185
AP024522.1_prot_BCT69907.1_59,P,384
AP024522.1_prot_BCT69908.1_60,P,339
AP024522.1_prot_BCT69909.1_61,P,528
AP024522.1_prot_BCT69910.1_62,P,2255
AP024522.1_prot_BCT69911.1_63,P,146
AP024522.1_prot_BCT69912.1_64,P,82
AP024522.1_prot_BCT69913.1_65,P,316
AP024522.1_prot_BCT69914.1_66,P,326
AP024522.1_prot_BCT69915.1_67,P,185
AP024522.1_prot_BCT69916.1_68,P,186
AP024522.1_prot_BCT69917.1_69,P,103
AP024522.1_prot_BCT69918.1_70,P,343
AP024522.1_prot_BCT69919.1_71,P,73
AP024522.1_prot_BCT69920.1_72,P,69
AP024522.1_prot_BCT69921.1_73,P,283
AP024522.1_prot_BCT69922.1_74,P,371
AP024522.1_prot_BCT69923.1_75,P,494
AP024522.1_prot_BCT69924.1_76,P,397
AP024522.1_prot_BCT69925.1_77,P,150
AP024522.1_prot_BCT69926.1_78,P,347
AP024522.1_prot_BCT69927.1_79,P,59
AP024522.1_prot_BCT69928.1_80,P,126
AP024522.1_prot_BCT69929.1_81,P,73
AP024522.1_prot_BCT69930.1_82,P,520
AP024522.1_prot_BCT69931.1_83,P,400
AP024522.1_prot_BCT69932.1_84,P,1038
AP024522.1_prot_BCT69933.1_85,P,168
AP024522.1_prot_BCT69934.1_86,P,420
AP024522.1_prot_BCT69935.1_87,P,233
AP024522.1_prot_BCT69936.1_88,P,230
AP024522.1_prot_BCT69937.1_89,P,208
AP024522.1_prot_BCT69938.1_90,P,51
AP024522.1_prot_BCT69939.1_91,P,192
AP024522.1_prot_BCT69940.1_92,P,81
AP024522.1_prot_BCT69941.1_93,P,86
CP049846.1_prot_QYG77813.1_1,P,287
CP049846.1_prot_QYG77694.1_2,P,94
CP049846.1_prot_QYG77695.1_3,P,91
CP049846.1_prot_QYG77804.1_4,P,93
CP049846.1_prot_QYG77696.1_5,P,200
CP049846.1_prot_QYG77697.1_6,P,350
CP049846.1_prot_QYG77698.1_7,P,196
CP049846.1_prot_QYG77699.1_8,P,84
CP049846.1_prot_QYG77700.1_9,P,499
CP049846.1_prot_QYG77701.1_10,P,287
CP049846.1_prot_QYG77702.1_11,P,137
CP049846.1_prot_QYG77805.1_12,P,259
CP049846.1_prot_QYG77703.1_13,P,214
CP049846.1_prot_QYG77704.1_14,P,102
CP049846.1_prot_QYG77705.1_15,P,326
CP049846.1_prot_QYG77706.1_16,P,138
CP049846.1_prot_QYG77707.1_17,P,424
CP049846.1_prot_QYG77708.1_18,P,145
CP049846.1_prot_QYG77709.1_19,P,82
CP049846.1_prot_QYG77710.1_20,P,323
CP049846.1_prot_21,P,101
CP049846.1_prot_QYG77711.1_22,P,227
CP049846.1_prot_QYG77712.1_23,P,73
CP049846.1_prot_QYG77713.1_24,P,144
CP049846.1_prot_QYG77714.1_25,P,256
CP049846.1_prot_QYG77807.1_26,P,74
CP049846.1_prot_QYG77808.1_27,P,78
CP049846.1_prot_QYG77806.1_28,P,100
CP049846.1_prot_QYG77715.1_29,P,140
CP049846.1_prot_QYG77716.1_30,P,63
CP049846.1_prot_QYG77717.1_31,P,175
CP049846.1_prot_QYG77718.1_32,P,77
CP049846.1_prot_QYG77719.1_33,P,652
CP049846.1_prot_QYG77720.1_34,P,144
CP049846.1_prot_QYG77721.1_35,P,239
CP049846.1_prot_QYG77722.1_36,P,198
CP049846.1_prot_37,P,156
CP049846.1_prot_QYG77723.1_38,P,166
CP049846.1_prot_QYG77724.1_39,P,144
CP049846.1_prot_QYG77725.1_40,P,88
CP049846.1_prot_QYG77726.1_41,P,129
CP049846.1_prot_QYG77727.1_42,P,308
CP049846.1_prot_QYG77728.1_43,P,81
CP049846.1_prot_QYG77729.1_44,P,83
CP049846.1_prot_QYG77730.1_45,P,282
CP049846.1_prot_QYG77731.1_46,P,111
CP049846.1_prot_QYG77732.1_47,P,110
CP049846.1_prot_QYG77733.1_48,P,903
CP049846.1_prot_QYG77734.1_49,P,143
CP049846.1_prot_QYG77735.1_50,P,79
CP049846.1_prot_51,P,325
CP049846.1_prot_QYG77736.1_52,P,157
CP049846.1_prot_QYG77737.1_53,P,174
CP049846.1_prot_QYG77738.1_54,P,262
CP049846.1_prot_QYG77739.1_55,P,165
CP049846.1_prot_QYG77740.1_56,P,123
CP049846.1_prot_QYG77741.1_57,P,125
CP049846.1_prot_58,P,50
CP049846.1_prot_QYG77742.1_59,P,538
CP049846.1_prot_QYG77743.1_60,P,508
CP049846.1_prot_QYG77744.1_61,P,555
CP049846.1_prot_QYG77745.1_62,P,702
CP049846.1_prot_QYG77746.1_63,P,273
CP049846.1_prot_QYG77747.1_64,P,448
CP049846.1_prot_QYG77748.1_65,P,83
CP049846.1_prot_QYG77749.1_66,P,100
CP049846.1_prot_QYG77750.1_67,P,271
CP049846.1_prot_68,P,25
CP049846.1_prot_QYG77809.1_69,P,65
CP049846.1_prot_QYG77751.1_70,P,767
CP049846.1_prot_QYG77752.1_71,P,374
CP049846.1_prot_QYG77753.1_72,P,435
CP049846.1_prot_QYG77693.1_73,P,48
CP049846.1_prot_QYG77810.1_74,P,83
CP049846.1_prot_QYG77754.1_75,P,58
CP049846.1_prot_QYG77755.1_76,P,155
CP049846.1_prot_QYG77756.1_77,P,207
CP049846.1_prot_QYG77757.1_78,P,71
CP049846.1_prot_QYG77758.1_79,P,122
CP049846.1_prot_QYG77759.1_80,P,63
CP049846.1_prot_QYG77760.1_81,P,80
CP049846.1_prot_QYG77761.1_82,P,50
CP049846.1_prot_QYG77762.1_83,P,528
CP049846.1_prot_QYG77763.1_84,P,217
CP049846.1_prot_QYG77764.1_85,P,721
CP049846.1_prot_QYG77765.1_86,P,189
CP049846.1_prot_QYG77766.1_87,P,401
CP049846.1_prot_QYG77767.1_88,P,206
CP049846.1_prot_QYG77768.1_89,P,1014
CP049846.1_prot_QYG77769.1_90,P,272
CP049846.1_prot_QYG77770.1_91,P,83
CP049846.1_prot_QYG77771.1_92,P,132
CP049846.1_prot_QYG77811.1_93,P,175
CP049846.1_prot_QYG77772.1_94,P,237
CP049846.1_prot_QYG77773.1_95,P,445
CP049846.1_prot_QYG77774.1_96,P,324
CP049846.1_prot_QYG77775.1_97,P,231
CP049846.1_prot_QYG77776.1_98,P,116
CP049846.1_prot_QYG77777.1_99,P,1353
CP049846.1_prot_QYG77778.1_100,P,96
CP049846.1_prot_QYG77779.1_101,P,382
CP049846.1_prot_QYG77780.1_102,P,278
CP049846.1_prot_QYG77781.1_103,P,152
CP049846.1_prot_QYG77782.1_104,P,400
CP049846.1_prot_QYG77783.1_105,P,273
CP049846.1_prot_QYG77784.1_106,P,453
CP049846.1_prot_QYG77785.1_107,P,208
CP049846.1_prot_QYG77786.1_108,P,161
CP049846.1_prot_QYG77787.1_109,P,178
CP049846.1_prot_QYG77788.1_110,P,51
CP049846.1_prot_QYG77789.1_111,P,134
CP049846.1_prot_QYG77790.1_112,P,115
CP049846.1_prot_QYG77791.1_113,P,512
CP049846.1_prot_QYG77792.1_114,P,312
CP049846.1_prot_QYG77793.1_115,P,502
CP049846.1_prot_QYG77794.1_116,P,152
CP049846.1_prot_QYG77795.1_117,P,431
CP049846.1_prot_QYG77796.1_118,P,539
CP049846.1_prot_QYG77797.1_119,P,145
CP049846.1_prot_QYG77798.1_120,P,356
CP049846.1_prot_QYG77799.1_121,P,106
CP049846.1_prot_QYG77800.1_122,P,105
CP049846.1_prot_QYG77801.1_123,P,564
CP049846.1_prot_QYG77802.1_124,P,206
CP049846.1_prot_QYG77803.1_125,P,220
CP049846.1_prot_QYG77812.1_126,P,168
CP049847.1_prot_QYG77814.1_1,P,286
CP049847.1_prot_QYG77815.1_2,P,398
CP049847.1_prot_QYG77816.1_3,P,333
CP049847.1_prot_QYG77817.1_4,P,568
CP049847.1_prot_QYG77818.1_5,P,529
CP049847.1_prot_QYG77819.1_6,P,271
CP049847.1_prot_QYG77820.1_7,P,193
CP049847.1_prot_QYG77821.1_8,P,169
CP049847.1_prot_QYG77822.1_9,P,51
CP049847.1_prot_QYG77823.1_10,P,81
CP049847.1_prot_QYG77824.1_11,P,281
CP049847.1_prot_QYG77825.1_12,P,266
CP049847.1_prot_QYG77826.1_13,P,348
CP049847.1_prot_QYG77827.1_14,P,73
CP049847.1_prot_QYG77828.1_15,P,172
CP049847.1_prot_QYG77829.1_16,P,168
CP049847.1_prot_QYG77830.1_17,P,357
CP049847.1_prot_QYG77831.1_18,P,188
CP049847.1_prot_QYG77832.1_19,P,203
CP049847.1_prot_QYG77833.1_20,P,293
CP049847.1_prot_QYG77834.1_21,P,1124
CP049847.1_prot_QYG77835.1_22,P,118
CP049847.1_prot_QYG77836.1_23,P,477
CP049847.1_prot_QYG77837.1_24,P,278
CP049847.1_prot_QYG77838.1_25,P,144
CP049847.1_prot_26,P,85
CP049847.1_prot_QYG77839.1_27,P,404
CP049847.1_prot_QYG77840.1_28,P,32
CP049847.1_prot_29,P,435
CP049847.1_prot_QYG77841.1_30,P,234
CP049847.1_prot_QYG77842.1_31,P,608
CP049847.1_prot_QYG77843.1_32,P,121
CP049847.1_prot_QYG77844.1_33,P,995
CP049847.1_prot_QYG77845.1_34,P,104
CP049847.1_prot_QYG77846.1_35,P,262
CP049847.1_prot_QYG77908.1_36,P,225
CP049847.1_prot_QYG77847.1_37,P,162
CP049847.1_prot_QYG77848.1_38,P,185
CP049847.1_prot_QYG77849.1_39,P,339
CP049847.1_prot_QYG77850.1_40,P,569
CP049847.1_prot_41,P,92
CP049847.1_prot_42,P,214
CP049847.1_prot_43,P,137
CP049847.1_prot_QYG77851.1_44,P,42
CP049847.1_prot_QYG77852.1_45,P,336
CP049847.1_prot_QYG77853.1_46,P,466
CP049847.1_prot_47,P,54
CP049847.1_prot_48,P,707
CP049847.1_prot_QYG77854.1_49,P,146
CP049847.1_prot_QYG77855.1_50,P,82
CP049847.1_prot_QYG77856.1_51,P,336
CP049847.1_prot_QYG77857.1_52,P,213
CP049847.1_prot_QYG77858.1_53,P,186
CP049847.1_prot_QYG77859.1_54,P,103
CP049847.1_prot_QYG77860.1_55,P,343
CP049847.1_prot_QYG77861.1_56,P,73
CP049847.1_prot_QYG77862.1_57,P,69
CP049847.1_prot_QYG77863.1_58,P,283
CP049847.1_prot_QYG77864.1_59,P,494
CP049847.1_prot_QYG77865.1_60,P,397
CP049847.1_prot_QYG77866.1_61,P,150
CP049847.1_prot_QYG77867.1_62,P,347
CP049847.1_prot_QYG77868.1_63,P,59
CP049847.1_prot_QYG77869.1_64,P,126
CP049847.1_prot_QYG77870.1_65,P,73
CP049847.1_prot_QYG77871.1_66,P,129
CP049847.1_prot_QYG77872.1_67,P,194
CP049847.1_prot_QYG77873.1_68,P,118
CP049847.1_prot_QYG77874.1_69,P,120
CP049847.1_prot_QYG77875.1_70,P,224
CP049847.1_prot_QYG77876.1_71,P,124
CP049847.1_prot_QYG77877.1_72,P,97
CP049847.1_prot_QYG77878.1_73,P,77
CP049847.1_prot_QYG77879.1_74,P,86
CP049847.1_prot_75,P,395
CP049847.1_prot_QYG77880.1_76,P,186
CP049847.1_prot_QYG77881.1_77,P,214
CP049847.1_prot_QYG77882.1_78,P,79
CP049847.1_prot_QYG77883.1_79,P,67
CP049847.1_prot_QYG77909.1_80,P,290
CP049847.1_prot_QYG77884.1_81,P,192
CP049847.1_prot_QYG77885.1_82,P,168
CP049847.1_prot_QYG77886.1_83,P,420
CP049847.1_prot_QYG77887.1_84,P,233
CP049847.1_prot_QYG77888.1_85,P,225
CP049847.1_prot_QYG77889.1_86,P,208
CP049847.1_prot_QYG77890.1_87,P,51
CP049847.1_prot_QYG77891.1_88,P,192
CP049847.1_prot_QYG77892.1_89,P,81
CP049847.1_prot_QYG77893.1_90,P,125
CP049847.1_prot_QYG77894.1_91,P,405
CP049847.1_prot_QYG77895.1_92,P,242
CP049847.1_prot_QYG77896.1_93,P,261
CP049847.1_prot_QYG77897.1_94,P,338
CP049847.1_prot_QYG77898.1_95,P,210
CP049847.1_prot_QYG77899.1_96,P,332
CP049847.1_prot_QYG77900.1_97,P,454
CP049847.1_prot_QYG77901.1_98,P,275
CP049847.1_prot_QYG77902.1_99,P,754
CP049847.1_prot_QYG77903.1_100,P,301
CP049847.1_prot_QYG77904.1_101,P,94
CP049847.1_prot_QYG77905.1_102,P,262
CP049847.1_prot_QYG77906.1_103,P,140
CP049847.1_prot_QYG77907.1_104,P,130
CP049848.1_prot_QYG77997.1_1,P,24
CP049848.1_prot_QYG77910.1_2,P,285
CP049848.1_prot_QYG77911.1_3,P,86
CP049848.1_prot_QYG77912.1_4,P,87
CP049848.1_prot_QYG77913.1_5,P,99
CP049848.1_prot_QYG77914.1_6,P,221
CP049848.1_prot_QYG77915.1_7,P,187
CP049848.1_prot_QYG77916.1_8,P,243
CP049848.1_prot_QYG77917.1_9,P,241
CP049848.1_prot_QYG77918.1_10,P,396
CP049848.1_prot_QYG77919.1_11,P,272
CP049848.1_prot_QYG77920.1_12,P,295
CP049848.1_prot_QYG77921.1_13,P,65
CP049848.1_prot_QYG77922.1_14,P,150
CP049848.1_prot_QYG77923.1_15,P,59
CP049848.1_prot_QYG77989.1_16,P,116
CP049848.1_prot_QYG77924.1_17,P,320
CP049848.1_prot_QYG77990.1_18,P,300
CP049848.1_prot_QYG77992.1_19,P,103
CP049848.1_prot_QYG77925.1_20,P,227
CP049848.1_prot_QYG77926.1_21,P,73
CP049848.1_prot_QYG77927.1_22,P,144
CP049848.1_prot_QYG77928.1_23,P,256
CP049848.1_prot_QYG77993.1_24,P,74
CP049848.1_prot_QYG77994.1_25,P,78
CP049848.1_prot_QYG77991.1_26,P,100
CP049848.1_prot_QYG77929.1_27,P,140
CP049848.1_prot_QYG77930.1_28,P,63
CP049848.1_prot_QYG77931.1_29,P,76
CP049848.1_prot_QYG77932.1_30,P,453
CP049848.1_prot_QYG77933.1_31,P,187
CP049848.1_prot_QYG77995.1_32,P,64
CP049848.1_prot_QYG77934.1_33,P,179
CP049848.1_prot_QYG77935.1_34,P,77
CP049848.1_prot_QYG77936.1_35,P,652
CP049848.1_prot_QYG77937.1_36,P,144
CP049848.1_prot_QYG77938.1_37,P,239
CP049848.1_prot_QYG77939.1_38,P,62
CP049848.1_prot_QYG77940.1_39,P,52
CP049848.1_prot_QYG77941.1_40,P,78
CP049848.1_prot_QYG77942.1_41,P,98
CP049848.1_prot_QYG77943.1_42,P,273
CP049848.1_prot_43,P,200
CP049848.1_prot_QYG77944.1_44,P,127
CP049848.1_prot_QYG77945.1_45,P,229
CP049848.1_prot_QYG77946.1_46,P,131
CP049848.1_prot_QYG77947.1_47,P,119
CP049848.1_prot_QYG77948.1_48,P,103
CP049848.1_prot_QYG77949.1_49,P,188
CP049848.1_prot_QYG77950.1_50,P,242
CP049848.1_prot_QYG77951.1_51,P,475
CP049848.1_prot_QYG77952.1_52,P,196
CP049848.1_prot_QYG77953.1_53,P,122
CP049848.1_prot_QYG77954.1_54,P,171
CP049848.1_prot_QYG77955.1_55,P,73
CP049848.1_prot_QYG77956.1_56,P,158
CP049848.1_prot_QYG77957.1_57,P,72
CP049848.1_prot_QYG77958.1_58,P,115
CP049848.1_prot_QYG77959.1_59,P,876
CP049848.1_prot_QYG77960.1_60,P,128
CP049848.1_prot_QYG77961.1_61,P,210
CP049848.1_prot_QYG77962.1_62,P,330
CP049848.1_prot_QYG77963.1_63,P,102
CP049848.1_prot_QYG77964.1_64,P,172
CP049848.1_prot_QYG77965.1_65,P,212
CP049848.1_prot_QYG77966.1_66,P,123
CP049848.1_prot_QYG77967.1_67,P,140
CP049848.1_prot_QYG77968.1_68,P,616
CP049848.1_prot_QYG77996.1_69,P,85
CP049848.1_prot_QYG77969.1_70,P,247
CP049848.1_prot_QYG77970.1_71,P,114
CP049848.1_prot_QYG77971.1_72,P,94
CP049848.1_prot_QYG77972.1_73,P,181
CP049848.1_prot_QYG77973.1_74,P,115
CP049848.1_prot_QYG77974.1_75,P,141
CP049848.1_prot_QYG77975.1_76,P,457
CP049848.1_prot_QYG77976.1_77,P,941
CP049848.1_prot_QYG77977.1_78,P,169
CP049848.1_prot_QYG77978.1_79,P,243
CP049848.1_prot_QYG77979.1_80,P,245
CP049848.1_prot_QYG77980.1_81,P,804
CP049848.1_prot_QYG77981.1_82,P,1756
CP049848.1_prot_QYG77982.1_83,P,248
CP049848.1_prot_QYG77983.1_84,P,185
CP049848.1_prot_QYG77984.1_85,P,153
CP049848.1_prot_QYG77985.1_86,P,112
CP049848.1_prot_QYG77986.1_87,P,145
CP049848.1_prot_QYG77987.1_88,P,49
CP049848.1_prot_QYG77988.1_89,P,86
CP049849.1_prot_1,P,195
CP049849.1_prot_QYG77998.1_2,P,105
CP049849.1_prot_QYG77999.1_3,P,177
CP049849.1_prot_4,P,300
CP049849.1_prot_QYG78000.1_5,P,326
CP049849.1_prot_6,P,89
CP049849.1_prot_QYG78001.1_7,P,64
CP049849.1_prot_QYG78002.1_8,P,123
CP049850.1_prot_QYG78003.1_1,P,350
CP049850.1_prot_QYG78004.1_2,P,288
CP049850.1_prot_QYG78005.1_3,P,63
CP049850.1_prot_QYG78008.1_4,P,107
CP049850.1_prot_5,P,253
CP049850.1_prot_QYG78006.1_6,P,176
CP049850.1_prot_QYG78007.1_7,P,77
CP049851.1_prot_QYG78017.1_1,P,47
CP049851.1_prot_QYG78009.1_2,P,43
CP049851.1_prot_QYG78010.1_3,P,96
CP049851.1_prot_QYG78011.1_4,P,490
CP049851.1_prot_QYG78012.1_5,P,96
CP049851.1_prot_QYG78013.1_6,P,92
CP049851.1_prot_QYG78014.1_7,P,140
CP049851.1_prot_QYG78015.1_8,P,107
CP049851.1_prot_QYG78016.1_9,P,64
CP049851.1_prot_10,P,60
NC_002128.1_prot_NP_052607.1_1,P,898
NC_002128.1_prot_NP_052608.1_2,P,291
NC_002128.1_prot_NP_052609.1_3,P,585
NC_002128.1_prot_NP_052610.1_4,P,501
NC_002128.1_prot_NP_052611.1_5,P,407
NC_002128.1_prot_NP_052612.1_6,P,144
NC_002128.1_prot_NP_052613.1_7,P,184
NC_002128.1_prot_NP_052614.1_8,P,115
NC_002128.1_prot_NP_052615.1_9,P,199
NC_002128.1_prot_NP_052616.1_10,P,325
NC_002128.1_prot_NP_052617.1_11,P,282
NC_002128.1_prot_NP_052618.1_12,P,170
NC_002128.1_prot_NP_052619.1_13,P,238
NC_002128.1_prot_NP_052620.1_14,P,133
NC_002128.1_prot_NP_052621.1_15,P,113
NC_002128.1_prot_NP_052622.1_16,P,273
NC_002128.1_prot_NP_052623.1_17,P,163
NC_002128.1_prot_NP_052624.1_18,P,998
NC_002128.1_prot_NP_052625.1_19,P,706
NC_002128.1_prot_NP_052626.1_20,P,479
NC_002128.1_prot_NP_958720.1_21,P,64
NC_002128.1_prot_NP_052627.1_22,P,94
NC_002128.1_prot_NP_958721.1_23,P,76
NC_002128.1_prot_NP_052628.1_24,P,246
NC_002128.1_prot_NP_052629.1_25,P,105
NC_002128.1_prot_NP_052630.2_26,P,325
NC_002128.1_prot_NP_052631.1_27,P,109
NC_002128.1_prot_NP_958722.1_28,P,66
NC_002128.1_prot_NP_052632.1_29,P,206
NC_002128.1_prot_NP_052633.1_30,P,227
NC_002128.1_prot_NP_052634.1_31,P,72
NC_002128.1_prot_NP_052635.1_32,P,101
NC_002128.1_prot_NP_052636.1_33,P,268
NC_002128.1_prot_NP_052637.1_34,P,296
NC_002128.1_prot_NP_052638.1_35,P,108
NC_002128.1_prot_NP_052640.1_36,P,388
NC_002128.1_prot_NP_052641.1_37,P,323
NC_002128.1_prot_NP_052642.1_38,P,574
NC_002128.1_prot_NP_052643.1_39,P,300
NC_002128.1_prot_NP_052644.1_40,P,101
NC_002128.1_prot_NP_052645.1_41,P,227
NC_002128.1_prot_NP_958723.1_42,P,73
NC_002128.1_prot_NP_052646.1_43,P,184
NC_002128.1_prot_NP_052647.1_44,P,258
NC_002128.1_prot_NP_052648.1_45,P,190
NC_002128.1_prot_NP_052649.1_46,P,100
NC_002128.1_prot_NP_052650.1_47,P,140
NC_002128.1_prot_NP_052651.1_48,P,129
NC_002128.1_prot_NP_052652.1_49,P,76
NC_002128.1_prot_NP_052653.1_50,P,453
NC_002128.1_prot_NP_052654.1_51,P,187
NC_002128.1_prot_NP_052655.1_52,P,151
NC_002128.1_prot_NP_052656.1_53,P,150
NC_002128.1_prot_NP_958724.1_54,P,77
NC_002128.1_prot_NP_052657.1_55,P,652
NC_002128.1_prot_NP_052658.1_56,P,144
NC_002128.1_prot_NP_052659.1_57,P,253
NC_002128.1_prot_NP_052660.1_58,P,52
NC_002128.1_prot_NP_052661.1_59,P,657
NC_002128.1_prot_NP_052662.1_60,P,143
NC_002128.1_prot_NP_052663.1_61,P,119
NC_002128.1_prot_NP_052664.1_62,P,136
NC_002128.1_prot_NP_052665.1_63,P,3169
NC_002128.1_prot_NP_052666.1_64,P,90
NC_002128.1_prot_NP_052667.1_65,P,167
NC_002128.1_prot_NP_052669.1_66,P,248
NC_002128.1_prot_NP_052670.1_67,P,286
NC_002128.1_prot_NP_052671.1_68,P,186
NC_002128.1_prot_NP_958725.1_69,P,70
NC_002128.1_prot_NP_052672.1_70,P,153
NC_002128.1_prot_NP_958726.1_71,P,69
NC_002128.1_prot_NP_052673.1_72,P,112
NC_002128.1_prot_NP_052674.1_73,P,84
NC_002128.1_prot_NP_052675.1_74,P,285
NC_002128.1_prot_NP_052676.1_75,P,94
NC_002128.1_prot_NP_052677.1_76,P,91
NC_002128.1_prot_NP_052678.1_77,P,68
NC_002128.1_prot_NP_052681.1_78,P,154
NC_002128.1_prot_NP_052684.1_79,P,295
NC_002128.1_prot_NP_052685.1_80,P,1300
NC_002128.1_prot_NP_958727.1_81,P,90
NC_002128.1_prot_NP_052686.1_82,P,145
NC_002128.1_prot_NP_052687.1_83,P,368
NC_002128.1_prot_NP_052688.1_84,P,573
NC_002128.1_prot_NP_052689.1_85,P,332
NZ_CP010214.1_prot_1,P,183
NZ_CP010214.1_prot_WP_073519881.1_2,P,381
NZ_CP010214.1_prot_3,P,33
NZ_CP010214.1_prot_4,P,173
NZ_CP010214.1_prot_WP_228395593.1_5,P,18
NZ_CP010214.1_prot_6,P,252
NZ_CP010214.1_prot_WP_000756325.1_7,P,320
NZ_CP010214.1_prot_WP_000817644.1_8,P,401
NZ_CP010214.1_prot_WP_032334873.1_9,P,70
NZ_CP010214.1_prot_WP_001132895.1_10,P,83
NZ_CP010214.1_prot_WP_001270417.1_11,P,95
NZ_CP010214.1_prot_12,P,92
NZ_CP010214.1_prot_WP_000361618.1_13,P,325
NZ_CP010214.1_prot_WP_073519885.1_14,P,246
NZ_CP010214.1_prot_WP_073519886.1_15,P,48
NZ_CP010214.1_prot_WP_073519985.1_16,P,282
NZ_CP010214.1_prot_17,P,69
NZ_CP010214.1_prot_18,P,36
NZ_CP010214.1_prot_19,P,89
NZ_CP010214.1_prot_20,P,371
NZ_CP010214.1_prot_21,P,141
NZ_CP010214.1_prot_WP_073519890.1_22,P,1309
NZ_CP010214.1_prot_WP_228084773.1_23,P,89
NZ_CP010214.1_prot_WP_073519892.1_24,P,253
NZ_CP010214.1_prot_WP_073519893.1_25,P,254
NZ_CP010214.1_prot_WP_073519894.1_26,P,265
NZ_CP010214.1_prot_WP_073519895.1_27,P,265
NZ_CP010214.1_prot_WP_073519896.1_28,P,163
NZ_CP010214.1_prot_WP_073519897.1_29,P,258
NZ_CP010214.1_prot_WP_073519898.1_30,P,814
NZ_CP010214.1_prot_WP_073519899.1_31,P,180
NZ_CP010214.1_prot_WP_073519900.1_32,P,99
NZ_CP010214.1_prot_33,P,82
NZ_CP010214.1_prot_34,P,80
NZ_CP010214.1_prot_WP_228395579.1_35,P,191
NZ_CP010214.1_prot_36,P,260
NZ_CP010214.1_prot_37,P,340
NZ_CP010214.1_prot_38,P,75
NZ_CP010214.1_prot_39,P,253
NZ_CP010214.1_prot_40,P,71
NZ_CP010214.1_prot_WP_073519904.1_41,P,410
NZ_CP010214.1_prot_WP_073519905.1_42,P,212
NZ_CP010214.1_prot_WP_202385660.1_43,P,406
NZ_CP010214.1_prot_44,P,359
NZ_CP010214.1_prot_WP_073519907.1_45,P,1367
NZ_CP010214.1_prot_WP_157916187.1_46,P,125
NZ_CP010214.1_prot_47,P,192
NZ_CP010214.1_prot_WP_073519910.1_48,P,132
NZ_CP010214.1_prot_WP_077897977.1_49,P,117
NZ_CP010214.1_prot_50,P,33
NZ_CP010214.1_prot_WP_073519911.1_51,P,139
NZ_CP010214.1_prot_52,P,65
NZ_CP010214.1_prot_WP_046201741.1_53,P,90
NZ_CP010214.1_prot_WP_001400936.1_54,P,192
NZ_CP010214.1_prot_55,P,1015
NZ_CP010214.1_prot_WP_073519912.1_56,P,729
NZ_CP010214.1_prot_WP_073519913.1_57,P,417
NZ_CP010214.1_prot_WP_228395580.1_58,P,120
NZ_CP010214.1_prot_59,P,107
NZ_CP010214.1_prot_WP_046201741.1_60,P,90
NZ_CP010214.1_prot_61,P,88
NZ_CP010214.1_prot_62,P,94
NZ_CP010214.1_prot_WP_073519918.1_63,P,89
NZ_CP010214.1_prot_WP_073519919.1_64,P,52
NZ_CP010214.1_prot_65,P,276
NZ_CP010214.1_prot_66,P,13
NZ_CP010214.1_prot_WP_228395577.1_67,P,77
NZ_CP010214.1_prot_WP_073519922.1_68,P,85
NZ_CP010214.1_prot_WP_001312851.1_69,P,49
NZ_CP010214.1_prot_WP_032334802.1_70,P,196
NZ_CP010214.1_prot_WP_001299729.1_71,P,69
NZ_CP010214.1_prot_WP_077898159.1_72,P,153
NZ_CP010214.1_prot_WP_032334799.1_73,P,70
NZ_CP010214.1_prot_74,P,186
NZ_CP010214.1_prot_WP_228395576.1_75,P,233
NZ_CP010214.1_prot_WP_073519925.1_76,P,717
NZ_CP010214.1_prot_WP_073519926.1_77,P,406
NZ_CP010214.1_prot_WP_073519927.1_78,P,190
NZ_CP010214.1_prot_79,P,63
NZ_CP010214.1_prot_80,P,73
NZ_CP010214.1_prot_WP_073519929.1_81,P,369
NZ_CP010214.1_prot_WP_073519930.1_82,P,236
NZ_CP010214.1_prot_WP_073519931.1_83,P,269
NZ_CP010214.1_prot_WP_073519932.1_84,P,488
NZ_CP010214.1_prot_WP_073519989.1_85,P,291
NZ_CP010214.1_prot_WP_073519990.1_86,P,299
NZ_CP010214.1_prot_WP_228084779.1_87,P,375
NZ_CP010214.1_prot_WP_034173832.1_88,P,242
NZ_CP010214.1_prot_WP_034173833.1_89,P,294
NZ_CP010214.1_prot_90,P,34
NZ_CP010214.1_prot_WP_073519933.1_91,P,68
NZ_CP010214.1_prot_92,P,186
NZ_CP010214.1_prot_WP_073519934.1_93,P,244
NZ_CP010214.1_prot_WP_073519935.1_94,P,1756
NZ_CP010214.1_prot_WP_073519936.1_95,P,717
NZ_CP010214.1_prot_WP_123006582.1_96,P,243
NZ_CP010214.1_prot_WP_073519937.1_97,P,165
NZ_CP010214.1_prot_WP_073519938.1_98,P,950
NZ_CP010214.1_prot_WP_073519939.1_99,P,472
NZ_CP010214.1_prot_WP_073519941.1_100,P,163
NZ_CP010214.1_prot_WP_073519942.1_101,P,184
NZ_CP010214.1_prot_WP_073519943.1_102,P,95
NZ_CP010214.1_prot_WP_073519945.1_103,P,121
NZ_CP010214.1_prot_WP_073519946.1_104,P,247
NZ_CP010214.1_prot_WP_073519947.1_105,P,155
NZ_CP010214.1_prot_WP_077897973.1_106,P,627
NZ_CP010214.1_prot_WP_073519948.1_107,P,126
NZ_CP010214.1_prot_WP_073519949.1_108,P,212
NZ_CP010214.1_prot_WP_073519950.1_109,P,330
NZ_CP010214.1_prot_WP_073519951.1_110,P,210
NZ_CP010214.1_prot_WP_073519952.1_111,P,128
NZ_CP010214.1_prot_WP_073519953.1_112,P,875
NZ_CP010214.1_prot_WP_073519954.1_113,P,131
NZ_CP010214.1_prot_WP_073519955.1_114,P,156
NZ_CP010214.1_prot_WP_073519956.1_115,P,158
NZ_CP010214.1_prot_WP_073519957.1_116,P,73
NZ_CP010214.1_prot_WP_073519958.1_117,P,171
NZ_CP010214.1_prot_WP_077897972.1_118,P,117
NZ_CP010214.1_prot_WP_073519959.1_119,P,194
NZ_CP010214.1_prot_WP_073519960.1_120,P,482
NZ_CP010214.1_prot_WP_073519961.1_121,P,243
NZ_CP010214.1_prot_WP_073519962.1_122,P,188
NZ_CP010214.1_prot_WP_073519963.1_123,P,103
NZ_CP010214.1_prot_WP_073519964.1_124,P,119
NZ_CP010214.1_prot_WP_073519965.1_125,P,75
NZ_CP010214.1_prot_126,P,230
NZ_CP010214.1_prot_WP_073519967.1_127,P,128
NZ_CP010214.1_prot_WP_077897971.1_128,P,189
NZ_CP010214.1_prot_WP_073519968.1_129,P,273
NZ_CP010214.1_prot_WP_073519969.1_130,P,114
NZ_CP010214.1_prot_131,P,85
NZ_CP010214.1_prot_132,P,82
NZ_CP010214.1_prot_WP_171769349.1_133,P,124
NZ_CP010214.1_prot_WP_228084746.1_134,P,41
NZ_CP010214.1_prot_WP_228084742.1_135,P,50
NZ_CP010214.1_prot_WP_073519971.1_136,P,104
NZ_CP010214.1_prot_137,P,243
NZ_CP010214.1_prot_WP_097455818.1_138,P,144
NZ_CP010214.1_prot_WP_073519973.1_139,P,665
NZ_CP010214.1_prot_WP_073519974.1_140,P,80
NZ_CP010214.1_prot_WP_073519975.1_141,P,185
NZ_CP010214.1_prot_WP_157920373.1_142,P,49
NZ_CP010214.1_prot_WP_154813206.1_143,P,73
NZ_CP010214.1_prot_WP_160537948.1_144,P,84
NZ_CP010214.1_prot_145,P,45
NZ_CP010214.1_prot_146,P,165
NZ_CP010214.1_prot_WP_073519977.1_147,P,183
NZ_CP010214.1_prot_WP_228084745.1_148,P,174
NZ_CP010214.1_prot_WP_228084741.1_149,P,228
NZ_CP010214.1_prot_WP_073519979.1_150,P,102
NZ_CP010214.1_prot_WP_073519980.1_151,P,235
NZ_CP010214.1_prot_WP_073519981.1_152,P,290
NZ_CP010214.1_prot_WP_073519982.1_153,P,308
NZ_CP010214.1_prot_154,P,300
NZ_CP010214.1_prot_WP_073519983.1_155,P,82
NZ_CP010214.1_prot_WP_073519984.1_156,P,145
NZ_CP010214.1_prot_157,P,109
NZ_CP010214.1_prot_158,P,139
NZ_CP010214.1_prot_WP_228395592.1_159,P,3285
NZ_CP010214.1_prot_WP_073519780.1_160,P,590
NZ_CP010215.1_prot_WP_073519997.1_1,P,1756
NZ_CP010215.1_prot_WP_073519998.1_2,P,732
NZ_CP010215.1_prot_WP_000850424.1_3,P,243
NZ_CP010215.1_prot_WP_000628099.1_4,P,169
NZ_CP010215.1_prot_WP_001007030.1_5,P,941
NZ_CP010215.1_prot_WP_001137358.1_6,P,457
NZ_CP010215.1_prot_WP_073519999.1_7,P,120
NZ_CP010215.1_prot_WP_000060037.1_8,P,181
NZ_CP010215.1_prot_WP_000624108.1_9,P,94
NZ_CP010215.1_prot_WP_072656932.1_10,P,115
NZ_CP010215.1_prot_WP_073520000.1_11,P,247
NZ_CP010215.1_prot_12,P,82
NZ_CP010215.1_prot_WP_073520001.1_13,P,616
NZ_CP010215.1_prot_WP_073520002.1_14,P,140
NZ_CP010215.1_prot_WP_073520003.1_15,P,123
NZ_CP010215.1_prot_WP_073520004.1_16,P,212
NZ_CP010215.1_prot_WP_073520005.1_17,P,172
NZ_CP010215.1_prot_WP_073520007.1_18,P,330
NZ_CP010215.1_prot_WP_073520008.1_19,P,210
NZ_CP010215.1_prot_WP_073520009.1_20,P,128
NZ_CP010215.1_prot_WP_073520010.1_21,P,875
NZ_CP010215.1_prot_WP_073520011.1_22,P,125
NZ_CP010215.1_prot_WP_073520012.1_23,P,157
NZ_CP010215.1_prot_WP_001278695.1_24,P,73
NZ_CP010215.1_prot_WP_073520013.1_25,P,171
NZ_CP010215.1_prot_WP_073520014.1_26,P,83
NZ_CP010215.1_prot_WP_073520015.1_27,P,106
NZ_CP010215.1_prot_WP_024179131.1_28,P,190
NZ_CP010215.1_prot_WP_000146685.1_29,P,475
NZ_CP010215.1_prot_WP_001230787.1_30,P,242
NZ_CP010215.1_prot_WP_000399792.1_31,P,188
NZ_CP010215.1_prot_WP_000012106.1_32,P,103
NZ_CP010215.1_prot_WP_073520016.1_33,P,121
NZ_CP010215.1_prot_WP_001254386.1_34,P,75
NZ_CP010215.1_prot_WP_073520017.1_35,P,228
NZ_CP010215.1_prot_WP_000124981.1_36,P,127
NZ_CP010215.1_prot_WP_000614935.1_37,P,215
NZ_CP010215.1_prot_WP_073520018.1_38,P,273
NZ_CP010215.1_prot_WP_000107535.1_39,P,95
NZ_CP010215.1_prot_WP_073520019.1_40,P,68
NZ_CP010215.1_prot_41,P,58
NZ_CP010215.1_prot_WP_001372321.1_42,P,41
NZ_CP010215.1_prot_43,P,50
NZ_CP010215.1_prot_WP_001299721.1_44,P,62
NZ_CP010215.1_prot_45,P,254
NZ_CP010215.1_prot_WP_000845949.1_46,P,144
NZ_CP010215.1_prot_WP_073520020.1_47,P,652
NZ_CP010215.1_prot_WP_001519997.1_48,P,77
NZ_CP010215.1_prot_WP_009426937.1_49,P,179
NZ_CP010215.1_prot_WP_073520019.1_50,P,68
NZ_CP010215.1_prot_WP_071594011.1_51,P,75
NZ_CP010215.1_prot_WP_073520021.1_52,P,187
NZ_CP010215.1_prot_WP_000170675.1_53,P,453
NZ_CP010215.1_prot_WP_000218642.1_54,P,76
NZ_CP010215.1_prot_WP_001027516.1_55,P,63
NZ_CP010215.1_prot_WP_042974081.1_56,P,140
NZ_CP010215.1_prot_WP_001378296.1_57,P,141
NZ_CP010215.1_prot_WP_073520022.1_58,P,258
NZ_CP010215.1_prot_WP_228395581.1_59,P,172
NZ_CP010215.1_prot_WP_001104873.1_60,P,73
NZ_CP010215.1_prot_WP_073520024.1_61,P,227
NZ_CP010215.1_prot_62,P,97
NZ_CP010215.1_prot_WP_000959874.1_63,P,320
NZ_CP010215.1_prot_WP_000361389.1_64,P,116
NZ_CP010215.1_prot_65,P,68
NZ_CP010215.1_prot_66,P,78
NZ_CP010215.1_prot_WP_001152000.1_67,P,101
NZ_CP010215.1_prot_WP_001262766.1_68,P,590
NZ_CP010215.1_prot_WP_001398199.1_69,P,133
NZ_CP010215.1_prot_WP_000557619.1_70,P,85
NZ_CP010215.1_prot_WP_000616800.1_71,P,217
NZ_CP010215.1_prot_WP_001333237.1_72,P,46
NZ_CP010215.1_prot_WP_073520027.1_73,P,285
NZ_CP010215.1_prot_WP_001365705.1_74,P,24
NZ_CP010215.1_prot_WP_000083830.1_75,P,84
NZ_CP010215.1_prot_WP_073520028.1_76,P,196
NZ_CP010215.1_prot_WP_001299729.1_77,P,69
NZ_CP010215.1_prot_WP_073520029.1_78,P,153
NZ_CP010215.1_prot_WP_001311693.1_79,P,70
NZ_CP010215.1_prot_WP_073520030.1_80,P,186
NZ_CP010215.1_prot_WP_073520031.1_81,P,246
NZ_CP010216.1_prot_WP_073520036.1_1,P,296
NZ_CP010216.1_prot_WP_000165974.1_2,P,63
NZ_CP010216.1_prot_WP_000956000.1_3,P,107
NZ_CP010216.1_prot_4,P,237
NZ_CP010216.1_prot_WP_077897986.1_5,P,176
NZ_CP010216.1_prot_WP_077897985.1_6,P,77
NZ_CP010216.1_prot_WP_073520035.1_7,P,377
NZ_CP010217.1_prot_WP_073520041.1_1,P,304
NZ_CP010217.1_prot_WP_001419703.1_2,P,47
NZ_CP010217.1_prot_WP_001419702.1_3,P,85
NZ_CP010217.1_prot_WP_073520038.1_4,P,555
NZ_CP010217.1_prot_WP_073520039.1_5,P,177
NZ_CP010217.1_prot_6,P,308
NZ_CP010217.1_prot_WP_073520040.1_7,P,132
NZ_CP025708.1_prot_WP_000361612.1_1,P,325
NZ_CP025708.1_prot_WP_001066942.1_2,P,246
NZ_CP025708.1_prot_WP_042065278.1_3,P,60
NZ_CP025708.1_prot_4,P,96
NZ_CP025708.1_prot_5,P,89
NZ_CP025708.1_prot_WP_001072355.1_6,P,389
NZ_CP025708.1_prot_7,P,42
NZ_CP025708.1_prot_8,P,68
NZ_CP025708.1_prot_WP_000421272.1_9,P,91
NZ_CP025708.1_prot_WP_001387467.1_10,P,94
NZ_CP025708.1_prot_WP_000562172.1_11,P,250
NZ_CP025708.1_prot_WP_001022265.1_12,P,321
NZ_CP025708.1_prot_WP_000710783.1_13,P,126
NZ_CP025708.1_prot_WP_001077068.1_14,P,296
NZ_CP025708.1_prot_WP_000796505.1_15,P,64
NZ_CP025708.1_prot_16,P,146
NZ_CP025708.1_prot_WP_000338039.1_17,P,292
NZ_CP025708.1_prot_WP_001271561.1_18,P,295
NZ_CP025708.1_prot_WP_000922702.1_19,P,274
NZ_CP025708.1_prot_WP_000950177.1_20,P,357
NZ_CP025708.1_prot_WP_000476108.1_21,P,436
NZ_CP025708.1_prot_22,P,102
NZ_CP025708.1_prot_WP_000338295.1_23,P,57
NZ_CP025708.1_prot_24,P,398
NZ_CP025708.1_prot_WP_001067834.1_25,P,234
NZ_CP025708.1_prot_26,P,177
NZ_CP025708.1_prot_WP_000874189.1_27,P,161
NZ_CP025708.1_prot_WP_001267177.1_28,P,161
NZ_CP025708.1_prot_WP_000117262.1_29,P,231
NZ_CP025708.1_prot_WP_000729220.1_30,P,376
NZ_CP025708.1_prot_WP_000964653.1_31,P,427
NZ_CP025708.1_prot_WP_000119836.1_32,P,459
NZ_CP025708.1_prot_WP_000178050.1_33,P,175
NZ_CP025708.1_prot_WP_000118029.1_34,P,628
NZ_CP025708.1_prot_WP_001225378.1_35,P,253
NZ_CP025708.1_prot_WP_000949452.1_36,P,168
NZ_CP025708.1_prot_37,P,56
NZ_CP025708.1_prot_38,P,37
NZ_CP025708.1_prot_WP_151884388.1_39,P,232
NZ_CP025708.1_prot_40,P,387
NZ_CP025708.1_prot_WP_000275180.1_41,P,138
NZ_CP025708.1_prot_WP_000428546.1_42,P,197
NZ_CP025708.1_prot_WP_001089068.1_43,P,401
NZ_CP025708.1_prot_WP_000088605.1_44,P,207
NZ_CP025708.1_prot_WP_001284954.1_45,P,228
NZ_CP025708.1_prot_WP_000460651.1_46,P,128
NZ_CP025708.1_prot_WP_049802299.1_47,P,87
NZ_CP025708.1_prot_WP_095033700.1_48,P,232
NZ_CP025708.1_prot_49,P,111
NZ_CP025708.1_prot_WP_000503573.1_50,P,262
NZ_CP025708.1_prot_WP_000679427.1_51,P,115
NZ_CP025708.1_prot_WP_000259031.1_52,P,279
NZ_CP025708.1_prot_WP_000376616.1_53,P,67
NZ_CP025708.1_prot_WP_000184001.1_54,P,401
NZ_CP025708.1_prot_WP_000130000.1_55,P,101
NZ_CP025708.1_prot_56,P,21
NZ_CP025708.1_prot_WP_001389365.1_57,P,254
NZ_CP025708.1_prot_WP_001137892.1_58,P,194
NZ_CP025708.1_prot_WP_000004159.1_59,P,412
NZ_CP025708.1_prot_WP_000219391.1_60,P,301
NZ_CP025708.1_prot_WP_001067855.1_61,P,234
NZ_CP025708.1_prot_WP_013362819.1_62,P,31
NZ_CP025708.1_prot_WP_013362818.1_63,P,245
NZ_CP025708.1_prot_WP_013362817.1_64,P,149
NZ_CP025708.1_prot_WP_023909256.1_65,P,113
NZ_CP025708.1_prot_WP_032152108.1_66,P,494
NZ_CP025708.1_prot_WP_001067855.1_67,P,234
NZ_CP025708.1_prot_WP_014837927.1_68,P,375
NZ_CP025708.1_prot_WP_000248278.1_69,P,75
NZ_CP025708.1_prot_WP_000951934.1_70,P,63
NZ_CP025708.1_prot_WP_000587837.1_71,P,180
NZ_CP025708.1_prot_WP_000557454.1_72,P,286
NZ_CP025708.1_prot_73,P,69
NZ_CP025708.1_prot_WP_001067858.1_74,P,234
NZ_CP025708.1_prot_75,P,128
NZ_CP025708.1_prot_WP_000027057.1_76,P,286
NZ_CP025708.1_prot_WP_000480972.1_77,P,278
NZ_CP025708.1_prot_WP_001082320.1_78,P,267
NZ_CP025708.1_prot_WP_001043260.1_79,P,271
NZ_CP025708.1_prot_80,P,29
NZ_CP025708.1_prot_WP_000427619.1_81,P,334
NZ_CP025708.1_prot_WP_001138070.1_82,P,988
NZ_CP025708.1_prot_83,P,104
NZ_CP025708.1_prot_WP_001067855.1_84,P,234
NZ_CP025708.1_prot_WP_004201280.1_85,P,157
NZ_CP025708.1_prot_WP_000845048.1_86,P,337
NZ_CP025708.1_prot_WP_001067855.1_87,P,234
NZ_CP025708.1_prot_88,P,504
NZ_CP025708.1_prot_WP_001262767.1_89,P,590
NZ_CP025708.1_prot_WP_001398199.1_90,P,133
NZ_CP025708.1_prot_WP_000557619.1_91,P,85
NZ_CP025708.1_prot_WP_000616807.1_92,P,217
NZ_CP025708.1_prot_WP_001333237.1_93,P,46
NZ_CP025708.1_prot_WP_000130948.1_94,P,285
NZ_CP025708.1_prot_WP_001365705.1_95,P,24
NZ_CP025708.1_prot_WP_000083821.1_96,P,85
NZ_CP025708.1_prot_WP_000156883.1_97,P,340
NZ_CP025708.1_prot_WP_000005489.1_98,P,117
NZ_CP025708.1_prot_WP_032147503.1_99,P,192
NZ_CP025708.1_prot_100,P,231
NZ_CP025708.1_prot_WP_000229735.1_101,P,118
NZ_CP025708.1_prot_WP_000624725.1_102,P,116
NZ_CP025708.1_prot_WP_000080217.1_103,P,73
NZ_CP025708.1_prot_104,P,113
NZ_CP025708.1_prot_WP_001496175.1_105,P,159
NZ_CP025708.1_prot_WP_000514417.1_106,P,467
NZ_CP025708.1_prot_WP_000154544.1_107,P,334
NZ_CP025708.1_prot_WP_000440183.1_108,P,303
NZ_CP025708.1_prot_WP_000410951.1_109,P,406
NZ_CP025708.1_prot_110,P,196
NZ_CP025708.1_prot_111,P,149
NZ_CP025708.1_prot_WP_001365705.1_112,P,24
NZ_CP025708.1_prot_WP_000083833.1_113,P,85
NZ_CP025708.1_prot_WP_001312851.1_114,P,49
NZ_CP025708.1_prot_WP_000968309.1_115,P,60
NZ_CP025708.1_prot_116,P,234
NZ_CP025708.1_prot_WP_005012601.1_117,P,70
NZ_CP025708.1_prot_WP_000139363.1_118,P,186
NZ_CP025708.1_prot_WP_000205701.1_119,P,248
NZ_CP025708.1_prot_WP_001553822.1_120,P,1756
NZ_CP025708.1_prot_WP_001553824.1_121,P,726
NZ_CP025708.1_prot_WP_045227890.1_122,P,236
NZ_CP025708.1_prot_WP_001553825.1_123,P,151
NZ_CP025708.1_prot_WP_001553826.1_124,P,941
NZ_CP025708.1_prot_WP_001553827.1_125,P,457
NZ_CP025708.1_prot_WP_001553828.1_126,P,130
NZ_CP025708.1_prot_127,P,124
NZ_CP025708.1_prot_WP_001553830.1_128,P,184
NZ_CP025708.1_prot_WP_000624105.1_129,P,94
NZ_CP025708.1_prot_WP_000415571.1_130,P,111
NZ_CP025708.1_prot_WP_000556794.1_131,P,113
NZ_CP025708.1_prot_WP_001030378.1_132,P,247
NZ_CP025708.1_prot_WP_000864318.1_133,P,85
NZ_CP025708.1_prot_WP_001553831.1_134,P,602
NZ_CP025708.1_prot_WP_001553832.1_135,P,212
NZ_CP025708.1_prot_WP_001553833.1_136,P,330
NZ_CP025708.1_prot_WP_001203720.1_137,P,210
NZ_CP025708.1_prot_WP_000099690.1_138,P,128
NZ_CP025708.1_prot_WP_001064264.1_139,P,875
NZ_CP025708.1_prot_WP_001278692.1_140,P,73
NZ_CP025708.1_prot_WP_000809832.1_141,P,171
NZ_CP025708.1_prot_WP_001038342.1_142,P,83
NZ_CP025708.1_prot_143,P,106
NZ_CP025708.1_prot_WP_000002787.1_144,P,196
NZ_CP025708.1_prot_WP_001553836.1_145,P,475
NZ_CP025708.1_prot_WP_001230813.1_146,P,242
NZ_CP025708.1_prot_WP_000399790.1_147,P,188
NZ_CP025708.1_prot_WP_000012106.1_148,P,103
NZ_CP025708.1_prot_WP_000340282.1_149,P,121
NZ_CP025708.1_prot_WP_001352842.1_150,P,71
NZ_CP025708.1_prot_WP_000332520.1_151,P,215
NZ_CP025708.1_prot_WP_001063020.1_152,P,127
NZ_CP025708.1_prot_WP_000949660.1_153,P,190
NZ_CP025708.1_prot_WP_001234465.1_154,P,273
NZ_CP025708.1_prot_WP_000107242.1_155,P,95
NZ_CP025708.1_prot_WP_000275854.1_156,P,68
NZ_CP025708.1_prot_157,P,99
NZ_CP025708.1_prot_WP_096937776.1_158,P,41
NZ_CP025708.1_prot_159,P,50
NZ_CP025708.1_prot_160,P,35
NZ_CP025708.1_prot_161,P,105
NZ_CP025708.1_prot_162,P,84
NZ_CP025708.1_prot_WP_223350513.1_163,P,170
NZ_CP025708.1_prot_164,P,231
NZ_CP025708.1_prot_165,P,34
NZ_CP025708.1_prot_WP_001037799.1_166,P,464
NZ_CP025708.1_prot_WP_024170639.1_167,P,477
NZ_CP025708.1_prot_WP_001083369.1_168,P,425
NZ_CP025708.1_prot_WP_000253905.1_169,P,708
NZ_CP025708.1_prot_WP_000053332.1_170,P,336
NZ_CP025708.1_prot_171,P,252
NZ_CP025708.1_prot_WP_152924612.1_172,P,409
NZ_CP025708.1_prot_WP_123863258.1_173,P,189
NZ_CP025708.1_prot_WP_047605447.1_174,P,84
NZ_CP025708.1_prot_WP_001348621.1_175,P,187
NZ_CP025708.1_prot_WP_000170714.1_176,P,453
NZ_CP025708.1_prot_WP_000218642.1_177,P,76
NZ_CP025708.1_prot_WP_001027516.1_178,P,63
NZ_CP025708.1_prot_WP_000271753.1_179,P,140
NZ_CP025708.1_prot_WP_001198928.1_180,P,141
NZ_CP025708.1_prot_WP_001753849.1_181,P,258
NZ_CP025708.1_prot_WP_123325260.1_182,P,172
NZ_CP025708.1_prot_WP_001104873.1_183,P,73
NZ_CP025708.1_prot_WP_000086185.1_184,P,227
NZ_CP025708.1_prot_WP_011254640.1_185,P,103
NZ_CP025708.1_prot_WP_001348615.1_186,P,300
NZ_CP025708.1_prot_WP_000817036.1_187,P,323
NZ_CP025708.1_prot_WP_000772446.1_188,P,388
NZ_CP025708.1_prot_WP_000852146.1_189,P,251
NZ_CP025708.1_prot_WP_000016982.1_190,P,268
NZ_CP025708.1_prot_WP_001159868.1_191,P,101
NZ_CP025708.1_prot_WP_000813634.1_192,P,72
NZ_CP025708.1_prot_WP_000215657.1_193,P,65
NZ_CP025708.1_prot_WP_000642771.1_194,P,94
NZ_CP025708.1_prot_WP_000545983.1_195,P,377
NZ_CP025708.1_prot_WP_001553851.1_196,P,1039
NZ_CP025708.1_prot_WP_001261287.1_197,P,76
NZ_CP025708.1_prot_WP_001044768.1_198,P,138
NZ_CP025708.1_prot_WP_000350635.1_199,P,712
NZ_CP025708.1_prot_WP_000246636.1_200,P,331
NZ_CP025708.1_prot_WP_001553853.1_201,P,297
NZ_CP025708.1_prot_WP_223364856.1_202,P,232
NZ_CP025708.1_prot_WP_001553854.1_203,P,1038
NZ_CP025708.1_prot_WP_105955882.1_204,P,414
NZ_CP025708.1_prot_WP_001553856.1_205,P,518
NZ_CP025708.1_prot_WP_001190712.1_206,P,73
NZ_CP025708.1_prot_WP_001216034.1_207,P,126
NZ_CP025708.1_prot_WP_001513661.1_208,P,59
NZ_CP025708.1_prot_209,P,93
NZ_CP025708.1_prot_210,P,137
NZ_CP025708.1_prot_WP_169329198.1_211,P,111
NZ_CP025708.1_prot_WP_000019407.1_212,P,326
NZ_CP025708.1_prot_WP_001373486.1_213,P,467
NZ_CP025708.1_prot_WP_000081352.1_214,P,310
NZ_CP025708.1_prot_215,P,109
NZ_CP025708.1_prot_WP_095033700.1_216,P,232
NZ_CP025708.1_prot_217,P,323
NZ_CP025709.1_prot_WP_021293554.1_1,P,366
NZ_CP025709.1_prot_WP_001401940.1_2,P,218
NZ_CP025709.1_prot_WP_000014005.1_3,P,186
NZ_CP025709.1_prot_WP_000908227.1_4,P,204
NZ_CP025709.1_prot_WP_001208802.1_5,P,361
NZ_CP025709.1_prot_WP_023518854.1_6,P,517
NZ_CP025709.1_prot_WP_001247337.1_7,P,150
NZ_CP025709.1_prot_WP_023518855.1_8,P,431
NZ_CP025709.1_prot_WP_000748143.1_9,P,560
NZ_CP025709.1_prot_WP_000539806.1_10,P,145
NZ_CP025709.1_prot_WP_001360287.1_11,P,355
NZ_CP025709.1_prot_WP_001136187.1_12,P,84
NZ_CP025709.1_prot_WP_249825099.1_13,P,134
NZ_CP025709.1_prot_WP_001712498.1_14,P,177
NZ_CP025709.1_prot_WP_000074855.1_15,P,95
NZ_CP025709.1_prot_16,P,53
NZ_CP025709.1_prot_WP_023518831.1_17,P,343
NZ_CP025709.1_prot_WP_032072206.1_18,P,46
NZ_CP025709.1_prot_WP_012783913.1_19,P,169
NZ_CP025709.1_prot_WP_001703912.1_20,P,200
NZ_CP025709.1_prot_WP_001703911.1_21,P,448
NZ_CP025709.1_prot_WP_001245884.1_22,P,100
NZ_CP025709.1_prot_WP_000587689.1_23,P,208
NZ_CP025709.1_prot_WP_001703910.1_24,P,423
NZ_CP025709.1_prot_WP_000109071.1_25,P,145
NZ_CP025709.1_prot_WP_000618110.1_26,P,82
NZ_CP025709.1_prot_WP_001739825.1_27,P,300
NZ_CP025709.1_prot_28,P,29
NZ_CP025709.1_prot_WP_001340323.1_29,P,111
NZ_CP025709.1_prot_WP_012783921.1_30,P,326
NZ_CP025709.1_prot_WP_000774832.1_31,P,140
NZ_CP025709.1_prot_WP_096035146.1_32,P,103
NZ_CP025709.1_prot_WP_000086127.1_33,P,227
NZ_CP025709.1_prot_WP_001104873.1_34,P,73
NZ_CP025709.1_prot_WP_202864534.1_35,P,172
NZ_CP025709.1_prot_WP_011264064.1_36,P,256
NZ_CP025709.1_prot_WP_001198928.1_37,P,141
NZ_CP025709.1_prot_WP_000271762.1_38,P,140
NZ_CP025709.1_prot_WP_001027495.1_39,P,63
NZ_CP025709.1_prot_WP_001434357.1_40,P,104
NZ_CP025709.1_prot_WP_001276120.1_41,P,175
NZ_CP025709.1_prot_WP_000006020.1_42,P,77
NZ_CP025709.1_prot_WP_011264061.1_43,P,652
NZ_CP025709.1_prot_WP_001402001.1_44,P,144
NZ_CP025709.1_prot_WP_001276270.1_45,P,239
NZ_CP025709.1_prot_WP_000977995.1_46,P,198
NZ_CP025709.1_prot_WP_000117626.1_47,P,166
NZ_CP025709.1_prot_WP_000218858.1_48,P,144
NZ_CP025709.1_prot_WP_000804663.1_49,P,88
NZ_CP025709.1_prot_WP_000833767.1_50,P,129
NZ_CP025709.1_prot_WP_011264057.1_51,P,300
NZ_CP025709.1_prot_WP_032180668.1_52,P,64
NZ_CP025709.1_prot_WP_000148285.1_53,P,83
NZ_CP025709.1_prot_WP_001599394.1_54,P,282
NZ_CP025709.1_prot_WP_021529212.1_55,P,111
NZ_CP025709.1_prot_WP_001283947.1_56,P,110
NZ_CP025709.1_prot_WP_011264053.1_57,P,899
NZ_CP025709.1_prot_WP_077769471.1_58,P,763
NZ_CP025709.1_prot_WP_011264050.1_59,P,356
NZ_CP025709.1_prot_WP_011264049.1_60,P,402
NZ_CP025709.1_prot_WP_023063753.1_61,P,260
NZ_CP025709.1_prot_WP_000118520.1_62,P,105
NZ_CP025709.1_prot_WP_001221666.1_63,P,177
NZ_CP025709.1_prot_WP_063859842.1_64,P,377
NZ_CP025709.1_prot_WP_000608644.1_65,P,420
NZ_CP025709.1_prot_WP_223349261.1_66,P,124
NZ_CP025709.1_prot_WP_001387489.1_67,P,50
NZ_CP025709.1_prot_WP_050485428.1_68,P,70
NZ_CP025709.1_prot_WP_011264046.1_69,P,98
NZ_CP025709.1_prot_WP_001054897.1_70,P,58
NZ_CP025709.1_prot_WP_000062603.1_71,P,69
NZ_CP025709.1_prot_WP_000644796.1_72,P,220
NZ_CP025709.1_prot_WP_023518847.1_73,P,722
NZ_CP025709.1_prot_WP_001746157.1_74,P,194
NZ_CP025709.1_prot_WP_001189160.1_75,P,400
NZ_CP025709.1_prot_WP_000337399.1_76,P,204
NZ_CP025709.1_prot_WP_023518848.1_77,P,1014
NZ_CP025709.1_prot_WP_001164788.1_78,P,266
NZ_CP025709.1_prot_WP_001277255.1_79,P,62
NZ_CP025709.1_prot_WP_000086965.1_80,P,134
NZ_CP025709.1_prot_WP_001055569.1_81,P,175
NZ_CP025709.1_prot_WP_001493811.1_82,P,234
NZ_CP025709.1_prot_WP_011264042.1_83,P,429
NZ_CP025709.1_prot_WP_001191880.1_84,P,327
NZ_CP025709.1_prot_WP_000138552.1_85,P,230
NZ_CP025709.1_prot_WP_001055900.1_86,P,115
NZ_CP025709.1_prot_WP_023518849.1_87,P,1255
NZ_CP025709.1_prot_WP_000014584.1_88,P,183
NZ_CP025709.1_prot_WP_001299214.1_89,P,96
NZ_CP025709.1_prot_WP_001024972.1_90,P,382
NZ_CP025709.1_prot_WP_000646097.1_91,P,272
NZ_CP025709.1_prot_WP_001079808.1_92,P,152
NZ_CP025709.1_prot_WP_000977522.1_93,P,194
NZ_CP025709.1_prot_WP_000976351.1_94,P,400
NZ_CP025709.1_prot_WP_023518851.1_95,P,274
NZ_CP025709.1_prot_WP_001139955.1_96,P,384
NZ_CP025709.1_prot_97,P,109
NZ_CP025710.1_prot_WP_001749982.1_1,P,239
NZ_CP025710.1_prot_WP_001749988.1_2,P,189
NZ_CP025710.1_prot_WP_000845048.1_3,P,337
NZ_CP025710.1_prot_WP_004201280.1_4,P,157
NZ_CP025710.1_prot_5,P,39
NZ_CP025710.1_prot_6,P,21
NZ_CP025710.1_prot_WP_001389365.1_7,P,254
NZ_CP025710.1_prot_8,P,21
NZ_CP025710.1_prot_WP_004098817.1_9,P,404
NZ_CP025710.1_prot_WP_001288432.1_10,P,477
NZ_CP025710.1_prot_11,P,90
NZ_CP025710.1_prot_WP_001749967.1_12,P,68
NZ_CP025710.1_prot_WP_012561184.1_13,P,215
NZ_CP025710.1_prot_WP_001452736.1_14,P,103
NZ_CP025710.1_prot_WP_001749965.1_15,P,104
NZ_CP025710.1_prot_WP_001749964.1_16,P,114
NZ_CP025710.1_prot_WP_219725065.1_17,P,101
NZ_CP025710.1_prot_WP_001749963.1_18,P,244
NZ_CP025710.1_prot_WP_000440698.1_19,P,93
NZ_CP025710.1_prot_WP_001749962.1_20,P,97
NZ_CP025710.1_prot_WP_000496058.1_21,P,105
NZ_CP025710.1_prot_WP_227647503.1_22,P,369
NZ_CP025710.1_prot_WP_001067855.1_23,P,234
NZ_CP025710.1_prot_24,P,60
NZ_CP025710.1_prot_WP_002210551.1_25,P,42
NZ_CP025710.1_prot_WP_000792636.1_26,P,177
NZ_CP025710.1_prot_WP_000128596.1_27,P,331
NZ_CP025710.1_prot_WP_000101710.1_28,P,386
NZ_CP025710.1_prot_WP_000735066.1_29,P,294
NZ_CP025710.1_prot_WP_000646594.1_30,P,232
NZ_CP025710.1_prot_WP_001257173.1_31,P,48
NZ_CP025710.1_prot_WP_001749958.1_32,P,346
NZ_CP025710.1_prot_WP_001749959.1_33,P,75
NZ_CP025710.1_prot_WP_001749960.1_34,P,237
NZ_CP025710.1_prot_WP_249825100.1_35,P,577
NZ_CP025710.1_prot_WP_001067855.1_36,P,234
NZ_CP025710.1_prot_37,P,588
NZ_CP025710.1_prot_WP_000427619.1_38,P,334
NZ_CP025710.1_prot_39,P,29
NZ_CP025710.1_prot_WP_001043260.1_40,P,271
NZ_CP025710.1_prot_WP_001082319.1_41,P,267
NZ_CP025710.1_prot_WP_000480968.1_42,P,278
NZ_CP025710.1_prot_43,P,135
NZ_CP025710.1_prot_WP_000027057.1_44,P,286
NZ_CP025710.1_prot_45,P,105
NZ_CP025710.1_prot_WP_000722315.1_46,P,274
NZ_CP025710.1_prot_WP_001206315.1_47,P,262
NZ_CP025710.1_prot_WP_014454105.1_48,P,184
NZ_CP025710.1_prot_WP_001217881.1_49,P,185
NZ_CP025710.1_prot_50,P,300
NZ_CP025710.1_prot_WP_004152391.1_51,P,571
NZ_CP025710.1_prot_WP_004152392.1_52,P,1009
NZ_CP025710.1_prot_WP_004199214.1_53,P,341
NZ_CP025710.1_prot_WP_004152394.1_54,P,259
NZ_CP025710.1_prot_WP_004152396.1_55,P,293
NZ_CP025710.1_prot_WP_004152397.1_56,P,439
NZ_CP025710.1_prot_57,P,703
NZ_CP025710.1_prot_58,P,187
NZ_CP025710.1_prot_59,P,165
NZ_CP025710.1_prot_WP_012561167.1_60,P,121
NZ_CP025710.1_prot_WP_012561166.1_61,P,1078
NZ_CP025710.1_prot_WP_000342688.1_62,P,509
NZ_CP025710.1_prot_WP_000706094.1_63,P,96
NZ_CP025710.1_prot_WP_001749974.1_64,P,139
NZ_CP025710.1_prot_WP_001749973.1_65,P,238
NZ_CP025710.1_prot_WP_000414913.1_66,P,122
NZ_CP025710.1_prot_WP_000999874.1_67,P,114
NZ_CP025710.1_prot_WP_001749971.1_68,P,106
NZ_CP025710.1_prot_WP_000214483.1_69,P,59
NZ_CP025710.1_prot_WP_000129958.1_70,P,169
NZ_CP025710.1_prot_WP_012561126.1_71,P,110
NZ_CP025710.1_prot_WP_001750002.1_72,P,94
NZ_CP025710.1_prot_WP_001750003.1_73,P,119
NZ_CP025710.1_prot_WP_000545925.1_74,P,98
NZ_CP025710.1_prot_WP_000932975.1_75,P,79
NZ_CP025710.1_prot_WP_000881513.1_76,P,134
NZ_CP025710.1_prot_WP_000447669.1_77,P,141
NZ_CP025710.1_prot_WP_000861760.1_78,P,146
NZ_CP025710.1_prot_WP_001749980.1_79,P,421
NZ_CP025710.1_prot_WP_001452808.1_80,P,263
NZ_CP025710.1_prot_WP_000057569.1_81,P,113
NZ_CP025711.1_prot_WP_019842081.1_1,P,292
NZ_CP025711.1_prot_WP_023352239.1_2,P,155
NZ_CP025711.1_prot_WP_024257200.1_3,P,372
NZ_CP025711.1_prot_WP_023352241.1_4,P,86
NZ_CP025711.1_prot_WP_000186190.1_5,P,107
NZ_CP025711.1_prot_WP_000061334.1_6,P,83
NZ_CP025711.1_prot_WP_019842075.1_7,P,196
NZ_CP025711.1_prot_WP_000214376.1_8,P,114
NZ_CP025711.1_prot_WP_024176148.1_9,P,252
NZ_CP025711.1_prot_WP_000162907.1_10,P,337
NZ_CP025711.1_prot_WP_019842072.1_11,P,117
NZ_CP025711.1_prot_WP_023352243.1_12,P,226
NZ_CP025711.1_prot_WP_019842070.1_13,P,146
NZ_CP025711.1_prot_WP_019842069.1_14,P,261
NZ_CP025711.1_prot_WP_021520001.1_15,P,144
NZ_CP025711.1_prot_WP_003019745.1_16,P,119
NZ_CP025711.1_prot_WP_032306350.1_17,P,877
NZ_CP025711.1_prot_WP_019842066.1_18,P,51
NZ_CP025711.1_prot_WP_105955883.1_19,P,647
NZ_CP025711.1_prot_WP_019842064.1_20,P,177
NZ_CP025711.1_prot_WP_019842063.1_21,P,109
NZ_CP025711.1_prot_WP_019842062.1_22,P,108
NZ_CP025711.1_prot_WP_019842061.1_23,P,676
NZ_CP025711.1_prot_WP_000132695.1_24,P,61
NZ_CP025711.1_prot_WP_019842060.1_25,P,1272
NZ_CP025711.1_prot_WP_021556063.1_26,P,124
NZ_CP025711.1_prot_WP_019842058.1_27,P,317
NZ_CP025711.1_prot_WP_000087003.1_28,P,68
NZ_CP025711.1_prot_WP_004196234.1_29,P,65
NZ_CP025711.1_prot_WP_223556312.1_30,P,295
NZ_CP025711.1_prot_WP_105955884.1_31,P,121
NZ_CP025711.1_prot_WP_021519995.1_32,P,204
NZ_CP025711.1_prot_WP_021556058.1_33,P,122
NZ_CP025711.1_prot_WP_021556057.1_34,P,257
NZ_CP025711.1_prot_WP_024156334.1_35,P,517
NZ_CP025711.1_prot_WP_000769001.1_36,P,66
NZ_CP025711.1_prot_WP_105955885.1_37,P,260
NZ_CP025711.1_prot_WP_000840370.1_38,P,464
NZ_CP025711.1_prot_WP_000642284.1_39,P,147
NZ_CP025711.1_prot_WP_000748212.1_40,P,296
NZ_CP025711.1_prot_WP_000765386.1_41,P,235
NZ_CP025711.1_prot_WP_001090276.1_42,P,847
NZ_CP025711.1_prot_WP_001208102.1_43,P,108
NZ_CP025711.1_prot_WP_023352257.1_44,P,127
NZ_CP025711.1_prot_WP_019842083.1_45,P,295
NZ_CP025711.1_prot_WP_021294253.1_46,P,134
NZ_CP025711.1_prot_WP_023352258.1_47,P,124
