id,type,seq_length,GC
AP024522.1_cds_BCT69849.1_1,N,729,47.33
AP024522.1_cds_BCT69850.1_2,N,786,48.09
AP024522.1_cds_BCT69851.1_3,N,1017,48.38
AP024522.1_cds_BCT69852.1_4,N,633,52.45
AP024522.1_cds_BCT69853.1_5,N,642,48.75
AP024522.1_cds_BCT69854.1_6,N,936,36.75
AP024522.1_cds_BCT69855.1_7,N,2547,47.39
AP024522.1_cds_BCT69856.1_8,N,906,45.92
AP024522.1_cds_BCT69857.1_9,N,285,46.67
AP024522.1_cds_BCT69858.1_10,N,180,53.33
AP024522.1_cds_BCT69859.1_11,N,789,47.53
AP024522.1_cds_BCT69860.1_12,N,423,44.92
AP024522.1_cds_BCT69861.1_13,N,393,41.22
AP024522.1_cds_BCT69862.1_14,N,885,45.65
AP024522.1_cds_BCT69863.1_15,N,684,47.22
AP024522.1_cds_BCT69864.1_16,N,1197,45.11
AP024522.1_cds_BCT69865.1_17,N,1002,44.31
AP024522.1_cds_BCT69866.1_18,N,1707,50.85
AP024522.1_cds_BCT69867.1_19,N,1590,50.38
AP024522.1_cds_BCT69868.1_20,N,816,51.72
AP024522.1_cds_BCT69869.1_21,N,465,50.32
AP024522.1_cds_BCT69870.1_22,N,510,48.24
AP024522.1_cds_BCT69871.1_23,N,297,39.06
AP024522.1_cds_BCT69872.1_24,N,465,38.28
AP024522.1_cds_BCT69873.1_25,N,633,35.39
AP024522.1_cds_BCT69874.1_26,N,846,45.27
AP024522.1_cds_BCT69875.1_27,N,801,49.81
AP024522.1_cds_BCT69876.1_28,N,789,49.18
AP024522.1_cds_BCT69877.1_29,N,486,41.98
AP024522.1_cds_BCT69878.1_30,N,540,43.70
AP024522.1_cds_BCT69879.1_31,N,1260,35.87
AP024522.1_cds_BCT69880.1_32,N,567,47.27
AP024522.1_cds_BCT69881.1_33,N,612,46.08
AP024522.1_cds_BCT69882.1_34,N,882,50.00
AP024522.1_cds_BCT69883.1_35,N,3423,48.17
AP024522.1_cds_BCT69884.1_36,N,357,45.94
AP024522.1_cds_BCT69885.1_37,N,1434,46.72
AP024522.1_cds_BCT69886.1_38,N,837,46.00
AP024522.1_cds_BCT69887.1_39,N,435,45.29
AP024522.1_cds_BCT69888.1_40,N,3450,47.33
AP024522.1_cds_BCT69889.1_41,N,546,39.01
AP024522.1_cds_BCT69890.1_42,N,513,40.35
AP024522.1_cds_BCT69891.1_43,N,1014,39.25
AP024522.1_cds_BCT69892.1_44,N,2487,45.32
AP024522.1_cds_BCT69893.1_45,N,681,40.97
AP024522.1_cds_BCT69894.1_46,N,549,38.62
AP024522.1_cds_BCT69895.1_47,N,378,53.97
AP024522.1_cds_BCT69896.1_48,N,276,53.26
AP024522.1_cds_BCT69897.1_49,N,330,48.18
AP024522.1_cds_BCT69898.1_50,N,444,47.07
AP024522.1_cds_BCT69899.1_51,N,603,46.93
AP024522.1_cds_BCT69900.1_52,N,1920,51.93
AP024522.1_cds_BCT69901.1_53,N,366,48.36
AP024522.1_cds_BCT69902.1_54,N,1368,47.81
AP024522.1_cds_BCT69903.1_55,N,312,46.79
AP024522.1_cds_BCT69904.1_56,N,795,47.30
AP024522.1_cds_BCT69905.1_57,N,489,49.69
AP024522.1_cds_BCT69906.1_58,N,558,52.33
AP024522.1_cds_BCT69907.1_59,N,1155,50.91
AP024522.1_cds_BCT69908.1_60,N,1020,52.16
AP024522.1_cds_BCT69909.1_61,N,1587,52.55
AP024522.1_cds_BCT69910.1_62,N,6768,52.14
AP024522.1_cds_BCT69911.1_63,N,441,47.85
AP024522.1_cds_BCT69912.1_64,N,249,51.00
AP024522.1_cds_BCT69913.1_65,N,951,40.59
AP024522.1_cds_BCT69914.1_66,N,981,55.96
AP024522.1_cds_BCT69915.1_67,N,558,47.13
AP024522.1_cds_BCT69916.1_68,N,561,52.41
AP024522.1_cds_BCT69917.1_69,N,312,46.15
AP024522.1_cds_BCT69918.1_70,N,1032,50.39
AP024522.1_cds_BCT69919.1_71,N,222,45.50
AP024522.1_cds_BCT69920.1_72,N,210,49.05
AP024522.1_cds_BCT69921.1_73,N,852,46.36
AP024522.1_cds_BCT69922.1_74,N,1116,48.39
AP024522.1_cds_BCT69923.1_75,N,1485,48.22
AP024522.1_cds_BCT69924.1_76,N,1194,51.26
AP024522.1_cds_BCT69925.1_77,N,453,48.34
AP024522.1_cds_BCT69926.1_78,N,1044,50.38
AP024522.1_cds_BCT69927.1_79,N,180,47.78
AP024522.1_cds_BCT69928.1_80,N,381,52.49
AP024522.1_cds_BCT69929.1_81,N,222,50.45
AP024522.1_cds_BCT69930.1_82,N,1563,45.81
AP024522.1_cds_BCT69931.1_83,N,1203,37.99
AP024522.1_cds_BCT69932.1_84,N,3117,43.38
AP024522.1_cds_BCT69933.1_85,N,507,46.94
AP024522.1_cds_BCT69934.1_86,N,1263,47.51
AP024522.1_cds_BCT69935.1_87,N,702,47.29
AP024522.1_cds_BCT69936.1_88,N,693,48.34
AP024522.1_cds_BCT69937.1_89,N,627,51.99
AP024522.1_cds_BCT69938.1_90,N,156,48.08
AP024522.1_cds_BCT69939.1_91,N,579,48.36
AP024522.1_cds_BCT69940.1_92,N,246,47.56
AP024522.1_cds_BCT69941.1_93,N,261,49.43
CP049846.1_cds_QYG77813.1_1,N,864,59.84
CP049846.1_cds_QYG77694.1_2,N,285,54.39
CP049846.1_cds_QYG77695.1_3,N,276,48.55
CP049846.1_cds_QYG77804.1_4,N,282,39.01
CP049846.1_cds_QYG77696.1_5,N,603,50.08
CP049846.1_cds_QYG77697.1_6,N,1053,37.89
CP049846.1_cds_QYG77698.1_7,N,591,64.13
CP049846.1_cds_QYG77699.1_8,N,255,51.76
CP049846.1_cds_QYG77700.1_9,N,1500,51.47
CP049846.1_cds_QYG77701.1_10,N,864,50.93
CP049846.1_cds_QYG77702.1_11,N,414,56.52
CP049846.1_cds_QYG77805.1_12,N,780,58.85
CP049846.1_cds_QYG77703.1_13,N,645,42.79
CP049846.1_cds_QYG77704.1_14,N,309,44.66
CP049846.1_cds_QYG77705.1_15,N,981,44.04
CP049846.1_cds_QYG77706.1_16,N,417,43.17
CP049846.1_cds_QYG77707.1_17,N,1275,51.53
CP049846.1_cds_QYG77708.1_18,N,438,55.71
CP049846.1_cds_QYG77709.1_19,N,249,51.41
CP049846.1_cds_QYG77710.1_20,N,972,54.32
CP049846.1_cds_21,N,305,64.59
CP049846.1_cds_QYG77711.1_22,N,684,55.56
CP049846.1_cds_QYG77712.1_23,N,222,53.60
CP049846.1_cds_QYG77713.1_24,N,435,58.85
CP049846.1_cds_QYG77714.1_25,N,771,59.92
CP049846.1_cds_QYG77807.1_26,N,225,64.89
CP049846.1_cds_QYG77808.1_27,N,237,61.18
CP049846.1_cds_QYG77806.1_28,N,303,56.44
CP049846.1_cds_QYG77715.1_29,N,423,54.37
CP049846.1_cds_QYG77716.1_30,N,192,52.08
CP049846.1_cds_QYG77717.1_31,N,528,59.47
CP049846.1_cds_QYG77718.1_32,N,234,52.56
CP049846.1_cds_QYG77719.1_33,N,1959,59.26
CP049846.1_cds_QYG77720.1_34,N,435,55.17
CP049846.1_cds_QYG77721.1_35,N,720,56.39
CP049846.1_cds_QYG77722.1_36,N,597,55.44
CP049846.1_cds_37,N,470,62.55
CP049846.1_cds_QYG77723.1_38,N,501,55.09
CP049846.1_cds_QYG77724.1_39,N,435,59.31
CP049846.1_cds_QYG77725.1_40,N,267,58.05
CP049846.1_cds_QYG77726.1_41,N,390,45.13
CP049846.1_cds_QYG77727.1_42,N,927,53.40
CP049846.1_cds_QYG77728.1_43,N,246,51.63
CP049846.1_cds_QYG77729.1_44,N,252,56.35
CP049846.1_cds_QYG77730.1_45,N,849,50.06
CP049846.1_cds_QYG77731.1_46,N,336,42.86
CP049846.1_cds_QYG77732.1_47,N,333,45.65
CP049846.1_cds_QYG77733.1_48,N,2712,51.14
CP049846.1_cds_QYG77734.1_49,N,432,44.21
CP049846.1_cds_QYG77735.1_50,N,240,45.83
CP049846.1_cds_51,N,978,45.50
CP049846.1_cds_QYG77736.1_52,N,474,39.66
CP049846.1_cds_QYG77737.1_53,N,525,48.38
CP049846.1_cds_QYG77738.1_54,N,789,53.11
CP049846.1_cds_QYG77739.1_55,N,498,47.99
CP049846.1_cds_QYG77740.1_56,N,372,51.61
CP049846.1_cds_QYG77741.1_57,N,378,48.15
CP049846.1_cds_58,N,153,51.63
CP049846.1_cds_QYG77742.1_59,N,1617,42.18
CP049846.1_cds_QYG77743.1_60,N,1527,45.19
CP049846.1_cds_QYG77744.1_61,N,1668,43.65
CP049846.1_cds_QYG77745.1_62,N,2109,44.00
CP049846.1_cds_QYG77746.1_63,N,822,40.27
CP049846.1_cds_QYG77747.1_64,N,1347,61.02
CP049846.1_cds_QYG77748.1_65,N,252,56.75
CP049846.1_cds_QYG77749.1_66,N,303,58.09
CP049846.1_cds_QYG77750.1_67,N,816,60.78
CP049846.1_cds_68,N,78,53.85
CP049846.1_cds_QYG77809.1_69,N,198,35.35
CP049846.1_cds_QYG77751.1_70,N,2304,54.12
CP049846.1_cds_QYG77752.1_71,N,1125,56.62
CP049846.1_cds_QYG77753.1_72,N,1308,56.42
CP049846.1_cds_QYG77693.1_73,N,147,50.34
CP049846.1_cds_QYG77810.1_74,N,252,49.21
CP049846.1_cds_QYG77754.1_75,N,177,45.20
CP049846.1_cds_QYG77755.1_76,N,468,52.14
CP049846.1_cds_QYG77756.1_77,N,624,53.69
CP049846.1_cds_QYG77757.1_78,N,216,53.70
CP049846.1_cds_QYG77758.1_79,N,369,52.03
CP049846.1_cds_QYG77759.1_80,N,192,52.08
CP049846.1_cds_QYG77760.1_81,N,243,44.86
CP049846.1_cds_QYG77761.1_82,N,153,43.79
CP049846.1_cds_QYG77762.1_83,N,1587,39.45
CP049846.1_cds_QYG77763.1_84,N,654,42.97
CP049846.1_cds_QYG77764.1_85,N,2166,52.63
CP049846.1_cds_QYG77765.1_86,N,570,59.47
CP049846.1_cds_QYG77766.1_87,N,1206,60.45
CP049846.1_cds_QYG77767.1_88,N,621,59.10
CP049846.1_cds_QYG77768.1_89,N,3045,57.96
CP049846.1_cds_QYG77769.1_90,N,819,59.46
CP049846.1_cds_QYG77770.1_91,N,252,55.95
CP049846.1_cds_QYG77771.1_92,N,399,55.89
CP049846.1_cds_QYG77811.1_93,N,528,56.06
CP049846.1_cds_QYG77772.1_94,N,714,59.24
CP049846.1_cds_QYG77773.1_95,N,1338,58.97
CP049846.1_cds_QYG77774.1_96,N,975,60.00
CP049846.1_cds_QYG77775.1_97,N,696,57.18
CP049846.1_cds_QYG77776.1_98,N,351,62.11
CP049846.1_cds_QYG77777.1_99,N,4062,55.96
CP049846.1_cds_QYG77778.1_100,N,291,54.64
CP049846.1_cds_QYG77779.1_101,N,1149,55.79
CP049846.1_cds_QYG77780.1_102,N,837,60.69
CP049846.1_cds_QYG77781.1_103,N,459,58.82
CP049846.1_cds_QYG77782.1_104,N,1203,54.53
CP049846.1_cds_QYG77783.1_105,N,822,50.85
CP049846.1_cds_QYG77784.1_106,N,1362,51.76
CP049846.1_cds_QYG77785.1_107,N,627,55.02
CP049846.1_cds_QYG77786.1_108,N,486,45.68
CP049846.1_cds_QYG77787.1_109,N,537,45.44
CP049846.1_cds_QYG77788.1_110,N,156,42.31
CP049846.1_cds_QYG77789.1_111,N,405,49.38
CP049846.1_cds_QYG77790.1_112,N,348,56.90
CP049846.1_cds_QYG77791.1_113,N,1539,59.65
CP049846.1_cds_QYG77792.1_114,N,939,48.03
CP049846.1_cds_QYG77793.1_115,N,1509,55.86
CP049846.1_cds_QYG77794.1_116,N,459,51.85
CP049846.1_cds_QYG77795.1_117,N,1296,54.71
CP049846.1_cds_QYG77796.1_118,N,1620,53.46
CP049846.1_cds_QYG77797.1_119,N,438,53.20
CP049846.1_cds_QYG77798.1_120,N,1071,59.94
CP049846.1_cds_QYG77799.1_121,N,321,41.74
CP049846.1_cds_QYG77800.1_122,N,318,40.25
CP049846.1_cds_QYG77801.1_123,N,1695,54.10
CP049846.1_cds_QYG77802.1_124,N,621,55.07
CP049846.1_cds_QYG77803.1_125,N,663,53.09
CP049846.1_cds_QYG77812.1_126,N,507,53.65
CP049847.1_cds_QYG77814.1_1,N,861,46.69
CP049847.1_cds_QYG77815.1_2,N,1197,45.45
CP049847.1_cds_QYG77816.1_3,N,1002,44.31
CP049847.1_cds_QYG77817.1_4,N,1707,50.79
CP049847.1_cds_QYG77818.1_5,N,1590,51.19
CP049847.1_cds_QYG77819.1_6,N,816,50.86
CP049847.1_cds_QYG77820.1_7,N,582,50.69
CP049847.1_cds_QYG77821.1_8,N,510,48.24
CP049847.1_cds_QYG77822.1_9,N,156,49.36
CP049847.1_cds_QYG77823.1_10,N,246,40.24
CP049847.1_cds_QYG77824.1_11,N,846,45.63
CP049847.1_cds_QYG77825.1_12,N,801,49.81
CP049847.1_cds_QYG77826.1_13,N,1047,48.81
CP049847.1_cds_QYG77827.1_14,N,222,47.75
CP049847.1_cds_QYG77828.1_15,N,519,43.74
CP049847.1_cds_QYG77829.1_16,N,507,38.46
CP049847.1_cds_QYG77830.1_17,N,1074,32.40
CP049847.1_cds_QYG77831.1_18,N,567,46.91
CP049847.1_cds_QYG77832.1_19,N,612,46.08
CP049847.1_cds_QYG77833.1_20,N,882,49.89
CP049847.1_cds_QYG77834.1_21,N,3375,47.94
CP049847.1_cds_QYG77835.1_22,N,357,44.82
CP049847.1_cds_QYG77836.1_23,N,1434,46.79
CP049847.1_cds_QYG77837.1_24,N,837,45.76
CP049847.1_cds_QYG77838.1_25,N,435,45.06
CP049847.1_cds_26,N,255,50.20
CP049847.1_cds_QYG77839.1_27,N,1215,54.16
CP049847.1_cds_QYG77840.1_28,N,99,48.48
CP049847.1_cds_29,N,1305,49.81
CP049847.1_cds_QYG77841.1_30,N,705,53.19
CP049847.1_cds_QYG77842.1_31,N,1827,52.05
CP049847.1_cds_QYG77843.1_32,N,366,48.91
CP049847.1_cds_QYG77844.1_33,N,2988,49.90
CP049847.1_cds_QYG77845.1_34,N,315,47.30
CP049847.1_cds_QYG77846.1_35,N,789,47.53
CP049847.1_cds_QYG77908.1_36,N,678,46.17
CP049847.1_cds_QYG77847.1_37,N,489,49.90
CP049847.1_cds_QYG77848.1_38,N,558,53.05
CP049847.1_cds_QYG77849.1_39,N,1020,51.86
CP049847.1_cds_QYG77850.1_40,N,1710,52.98
CP049847.1_cds_41,N,276,55.80
CP049847.1_cds_42,N,642,51.25
CP049847.1_cds_43,N,414,51.69
CP049847.1_cds_QYG77851.1_44,N,129,57.36
CP049847.1_cds_QYG77852.1_45,N,1011,56.28
CP049847.1_cds_QYG77853.1_46,N,1401,57.10
CP049847.1_cds_47,N,162,60.49
CP049847.1_cds_48,N,2124,50.94
CP049847.1_cds_QYG77854.1_49,N,441,47.39
CP049847.1_cds_QYG77855.1_50,N,249,50.20
CP049847.1_cds_QYG77856.1_51,N,1011,35.61
CP049847.1_cds_QYG77857.1_52,N,642,46.57
CP049847.1_cds_QYG77858.1_53,N,561,51.16
CP049847.1_cds_QYG77859.1_54,N,312,43.91
CP049847.1_cds_QYG77860.1_55,N,1032,50.68
CP049847.1_cds_QYG77861.1_56,N,222,45.05
CP049847.1_cds_QYG77862.1_57,N,210,49.05
CP049847.1_cds_QYG77863.1_58,N,852,46.36
CP049847.1_cds_QYG77864.1_59,N,1485,47.81
CP049847.1_cds_QYG77865.1_60,N,1194,50.84
CP049847.1_cds_QYG77866.1_61,N,453,47.90
CP049847.1_cds_QYG77867.1_62,N,1044,50.38
CP049847.1_cds_QYG77868.1_63,N,180,47.78
CP049847.1_cds_QYG77869.1_64,N,381,52.23
CP049847.1_cds_QYG77870.1_65,N,222,50.45
CP049847.1_cds_QYG77871.1_66,N,390,49.23
CP049847.1_cds_QYG77872.1_67,N,585,47.35
CP049847.1_cds_QYG77873.1_68,N,357,41.46
CP049847.1_cds_QYG77874.1_69,N,363,44.35
CP049847.1_cds_QYG77875.1_70,N,675,48.00
CP049847.1_cds_QYG77876.1_71,N,375,40.53
CP049847.1_cds_QYG77877.1_72,N,294,39.46
CP049847.1_cds_QYG77878.1_73,N,234,43.16
CP049847.1_cds_QYG77879.1_74,N,261,49.81
CP049847.1_cds_75,N,1187,49.37
CP049847.1_cds_QYG77880.1_76,N,561,47.95
CP049847.1_cds_QYG77881.1_77,N,645,47.13
CP049847.1_cds_QYG77882.1_78,N,240,50.00
CP049847.1_cds_QYG77883.1_79,N,204,48.04
CP049847.1_cds_QYG77909.1_80,N,873,48.11
CP049847.1_cds_QYG77884.1_81,N,579,50.60
CP049847.1_cds_QYG77885.1_82,N,507,46.55
CP049847.1_cds_QYG77886.1_83,N,1263,47.35
CP049847.1_cds_QYG77887.1_84,N,702,47.44
CP049847.1_cds_QYG77888.1_85,N,678,48.82
CP049847.1_cds_QYG77889.1_86,N,627,51.83
CP049847.1_cds_QYG77890.1_87,N,156,50.64
CP049847.1_cds_QYG77891.1_88,N,579,48.88
CP049847.1_cds_QYG77892.1_89,N,246,47.56
CP049847.1_cds_QYG77893.1_90,N,378,50.26
CP049847.1_cds_QYG77894.1_91,N,1218,49.84
CP049847.1_cds_QYG77895.1_92,N,729,46.91
CP049847.1_cds_QYG77896.1_93,N,786,48.09
CP049847.1_cds_QYG77897.1_94,N,1017,48.08
CP049847.1_cds_QYG77898.1_95,N,633,51.82
CP049847.1_cds_QYG77899.1_96,N,999,49.05
CP049847.1_cds_QYG77900.1_97,N,1365,48.50
CP049847.1_cds_QYG77901.1_98,N,828,47.34
CP049847.1_cds_QYG77902.1_99,N,2265,49.09
CP049847.1_cds_QYG77903.1_100,N,906,45.47
CP049847.1_cds_QYG77904.1_101,N,285,46.67
CP049847.1_cds_QYG77905.1_102,N,789,48.42
CP049847.1_cds_QYG77906.1_103,N,423,44.92
CP049847.1_cds_QYG77907.1_104,N,393,41.98
CP049848.1_cds_QYG77997.1_1,N,75,48.00
CP049848.1_cds_QYG77910.1_2,N,858,57.58
CP049848.1_cds_QYG77911.1_3,N,261,52.87
CP049848.1_cds_QYG77912.1_4,N,264,54.17
CP049848.1_cds_QYG77913.1_5,N,300,48.00
CP049848.1_cds_QYG77914.1_6,N,666,50.45
CP049848.1_cds_QYG77915.1_7,N,564,31.91
CP049848.1_cds_QYG77916.1_8,N,732,35.66
CP049848.1_cds_QYG77917.1_9,N,726,33.75
CP049848.1_cds_QYG77918.1_10,N,1191,39.13
CP049848.1_cds_QYG77919.1_11,N,819,41.76
CP049848.1_cds_QYG77920.1_12,N,888,37.39
CP049848.1_cds_QYG77921.1_13,N,198,51.52
CP049848.1_cds_QYG77922.1_14,N,453,46.80
CP049848.1_cds_QYG77923.1_15,N,180,51.11
CP049848.1_cds_QYG77989.1_16,N,351,41.88
CP049848.1_cds_QYG77924.1_17,N,963,38.63
CP049848.1_cds_QYG77990.1_18,N,903,54.04
CP049848.1_cds_QYG77992.1_19,N,312,63.78
CP049848.1_cds_QYG77925.1_20,N,684,58.19
CP049848.1_cds_QYG77926.1_21,N,222,53.60
CP049848.1_cds_QYG77927.1_22,N,435,57.47
CP049848.1_cds_QYG77928.1_23,N,771,60.05
CP049848.1_cds_QYG77993.1_24,N,225,64.89
CP049848.1_cds_QYG77994.1_25,N,237,61.18
CP049848.1_cds_QYG77991.1_26,N,303,57.10
CP049848.1_cds_QYG77929.1_27,N,423,55.56
CP049848.1_cds_QYG77930.1_28,N,192,51.56
CP049848.1_cds_QYG77931.1_29,N,231,56.71
CP049848.1_cds_QYG77932.1_30,N,1362,57.27
CP049848.1_cds_QYG77933.1_31,N,564,58.33
CP049848.1_cds_QYG77995.1_32,N,195,63.08
CP049848.1_cds_QYG77934.1_33,N,540,59.26
CP049848.1_cds_QYG77935.1_34,N,234,52.14
CP049848.1_cds_QYG77936.1_35,N,1959,58.65
CP049848.1_cds_QYG77937.1_36,N,435,56.32
CP049848.1_cds_QYG77938.1_37,N,720,60.28
CP049848.1_cds_QYG77939.1_38,N,189,48.68
CP049848.1_cds_QYG77940.1_39,N,159,47.80
CP049848.1_cds_QYG77941.1_40,N,237,53.59
CP049848.1_cds_QYG77942.1_41,N,297,47.47
CP049848.1_cds_QYG77943.1_42,N,822,43.80
CP049848.1_cds_43,N,603,45.61
CP049848.1_cds_QYG77944.1_44,N,384,38.28
CP049848.1_cds_QYG77945.1_45,N,690,33.77
CP049848.1_cds_QYG77946.1_46,N,396,37.63
CP049848.1_cds_QYG77947.1_47,N,360,47.50
CP049848.1_cds_QYG77948.1_48,N,312,47.44
CP049848.1_cds_QYG77949.1_49,N,567,46.03
CP049848.1_cds_QYG77950.1_50,N,729,56.65
CP049848.1_cds_QYG77951.1_51,N,1428,57.07
CP049848.1_cds_QYG77952.1_52,N,591,50.25
CP049848.1_cds_QYG77953.1_53,N,369,41.73
CP049848.1_cds_QYG77954.1_54,N,516,52.13
CP049848.1_cds_QYG77955.1_55,N,222,45.05
CP049848.1_cds_QYG77956.1_56,N,477,45.07
CP049848.1_cds_QYG77957.1_57,N,219,42.92
CP049848.1_cds_QYG77958.1_58,N,348,37.07
CP049848.1_cds_QYG77959.1_59,N,2631,54.24
CP049848.1_cds_QYG77960.1_60,N,387,56.33
CP049848.1_cds_QYG77961.1_61,N,633,59.40
CP049848.1_cds_QYG77962.1_62,N,993,54.78
CP049848.1_cds_QYG77963.1_63,N,309,37.54
CP049848.1_cds_QYG77964.1_64,N,519,39.11
CP049848.1_cds_QYG77965.1_65,N,639,56.03
CP049848.1_cds_QYG77966.1_66,N,372,55.65
CP049848.1_cds_QYG77967.1_67,N,423,55.08
CP049848.1_cds_QYG77968.1_68,N,1851,53.70
CP049848.1_cds_QYG77996.1_69,N,258,40.70
CP049848.1_cds_QYG77969.1_70,N,744,51.75
CP049848.1_cds_QYG77970.1_71,N,345,40.58
CP049848.1_cds_QYG77971.1_72,N,285,51.93
CP049848.1_cds_QYG77972.1_73,N,546,55.68
CP049848.1_cds_QYG77973.1_74,N,348,44.54
CP049848.1_cds_QYG77974.1_75,N,426,37.32
CP049848.1_cds_QYG77975.1_76,N,1374,52.26
CP049848.1_cds_QYG77976.1_77,N,2826,51.06
CP049848.1_cds_QYG77977.1_78,N,510,31.76
CP049848.1_cds_QYG77978.1_79,N,732,49.86
CP049848.1_cds_QYG77979.1_80,N,738,45.39
CP049848.1_cds_QYG77980.1_81,N,2415,52.88
CP049848.1_cds_QYG77981.1_82,N,5271,60.27
CP049848.1_cds_QYG77982.1_83,N,747,57.70
CP049848.1_cds_QYG77983.1_84,N,558,55.56
CP049848.1_cds_QYG77984.1_85,N,462,46.10
CP049848.1_cds_QYG77985.1_86,N,339,35.10
CP049848.1_cds_QYG77986.1_87,N,438,33.79
CP049848.1_cds_QYG77987.1_88,N,150,48.00
CP049848.1_cds_QYG77988.1_89,N,261,40.23
CP049849.1_cds_1,N,585,38.80
CP049849.1_cds_QYG77998.1_2,N,318,53.14
CP049849.1_cds_QYG77999.1_3,N,534,52.25
CP049849.1_cds_4,N,903,55.04
CP049849.1_cds_QYG78000.1_5,N,981,55.15
CP049849.1_cds_6,N,270,36.30
CP049849.1_cds_QYG78001.1_7,N,195,48.21
CP049849.1_cds_QYG78002.1_8,N,372,58.87
CP049850.1_cds_QYG78003.1_1,N,1053,34.47
CP049850.1_cds_QYG78004.1_2,N,867,35.18
CP049850.1_cds_QYG78005.1_3,N,192,55.21
CP049850.1_cds_QYG78008.1_4,N,324,62.04
CP049850.1_cds_5,N,759,57.58
CP049850.1_cds_QYG78006.1_6,N,531,49.91
CP049850.1_cds_QYG78007.1_7,N,234,51.28
CP049851.1_cds_QYG78017.1_1,N,144,54.17
CP049851.1_cds_QYG78009.1_2,N,132,38.64
CP049851.1_cds_QYG78010.1_3,N,291,26.12
CP049851.1_cds_QYG78011.1_4,N,1473,43.52
CP049851.1_cds_QYG78012.1_5,N,291,50.17
CP049851.1_cds_QYG78013.1_6,N,279,44.44
CP049851.1_cds_QYG78014.1_7,N,423,45.86
CP049851.1_cds_QYG78015.1_8,N,324,50.93
CP049851.1_cds_QYG78016.1_9,N,195,49.23
CP049851.1_cds_10,N,180,58.33
NC_002128.1_cds_NP_052607.1_1,N,2697,44.75
NC_002128.1_cds_NP_052608.1_2,N,876,42.35
NC_002128.1_cds_NP_052609.1_3,N,1758,51.19
NC_002128.1_cds_NP_052610.1_4,N,1506,53.65
NC_002128.1_cds_NP_052611.1_5,N,1224,56.54
NC_002128.1_cds_NP_052612.1_6,N,435,51.26
NC_002128.1_cds_NP_052613.1_7,N,555,53.33
NC_002128.1_cds_NP_052614.1_8,N,348,58.05
NC_002128.1_cds_NP_052615.1_9,N,600,54.83
NC_002128.1_cds_NP_052616.1_10,N,978,53.68
NC_002128.1_cds_NP_052617.1_11,N,849,57.01
NC_002128.1_cds_NP_052618.1_12,N,513,53.02
NC_002128.1_cds_NP_052619.1_13,N,717,52.72
NC_002128.1_cds_NP_052620.1_14,N,402,44.78
NC_002128.1_cds_NP_052621.1_15,N,342,45.03
NC_002128.1_cds_NP_052622.1_16,N,822,52.92
NC_002128.1_cds_NP_052623.1_17,N,492,34.96
NC_002128.1_cds_NP_052624.1_18,N,2997,39.31
NC_002128.1_cds_NP_052625.1_19,N,2121,37.39
NC_002128.1_cds_NP_052626.1_20,N,1440,36.60
NC_002128.1_cds_NP_958720.1_21,N,195,27.18
NC_002128.1_cds_NP_052627.1_22,N,285,33.33
NC_002128.1_cds_NP_958721.1_23,N,231,43.72
NC_002128.1_cds_NP_052628.1_24,N,741,57.76
NC_002128.1_cds_NP_052629.1_25,N,318,58.49
NC_002128.1_cds_NP_052630.2_26,N,978,52.66
NC_002128.1_cds_NP_052631.1_27,N,330,49.70
NC_002128.1_cds_NP_958722.1_28,N,201,47.76
NC_002128.1_cds_NP_052632.1_29,N,621,52.17
NC_002128.1_cds_NP_052633.1_30,N,684,69.15
NC_002128.1_cds_NP_052634.1_31,N,219,50.68
NC_002128.1_cds_NP_052635.1_32,N,306,50.33
NC_002128.1_cds_NP_052636.1_33,N,807,56.88
NC_002128.1_cds_NP_052637.1_34,N,891,53.98
NC_002128.1_cds_NP_052638.1_35,N,327,54.13
NC_002128.1_cds_NP_052640.1_36,N,1167,47.13
NC_002128.1_cds_NP_052641.1_37,N,972,45.99
NC_002128.1_cds_NP_052642.1_38,N,1725,47.07
NC_002128.1_cds_NP_052643.1_39,N,903,54.71
NC_002128.1_cds_NP_052644.1_40,N,306,64.71
NC_002128.1_cds_NP_052645.1_41,N,684,57.02
NC_002128.1_cds_NP_958723.1_42,N,222,54.05
NC_002128.1_cds_NP_052646.1_43,N,555,56.58
NC_002128.1_cds_NP_052647.1_44,N,777,61.13
NC_002128.1_cds_NP_052648.1_45,N,573,62.30
NC_002128.1_cds_NP_052649.1_46,N,303,56.44
NC_002128.1_cds_NP_052650.1_47,N,423,55.56
NC_002128.1_cds_NP_052651.1_48,N,390,60.77
NC_002128.1_cds_NP_052652.1_49,N,231,57.58
NC_002128.1_cds_NP_052653.1_50,N,1362,57.12
NC_002128.1_cds_NP_052654.1_51,N,564,58.69
NC_002128.1_cds_NP_052655.1_52,N,456,60.09
NC_002128.1_cds_NP_052656.1_53,N,453,58.50
NC_002128.1_cds_NP_958724.1_54,N,234,50.00
NC_002128.1_cds_NP_052657.1_55,N,1959,58.60
NC_002128.1_cds_NP_052658.1_56,N,435,57.01
NC_002128.1_cds_NP_052659.1_57,N,762,58.92
NC_002128.1_cds_NP_052660.1_58,N,159,47.17
NC_002128.1_cds_NP_052661.1_59,N,1974,51.98
NC_002128.1_cds_NP_052662.1_60,N,432,44.44
NC_002128.1_cds_NP_052663.1_61,N,360,51.11
NC_002128.1_cds_NP_052664.1_62,N,411,50.36
NC_002128.1_cds_NP_052665.1_63,N,9510,31.40
NC_002128.1_cds_NP_052666.1_64,N,273,53.48
NC_002128.1_cds_NP_052667.1_65,N,504,51.79
NC_002128.1_cds_NP_052669.1_66,N,747,58.10
NC_002128.1_cds_NP_052670.1_67,N,861,44.48
NC_002128.1_cds_NP_052671.1_68,N,561,56.68
NC_002128.1_cds_NP_958725.1_69,N,213,60.56
NC_002128.1_cds_NP_052672.1_70,N,462,49.13
NC_002128.1_cds_NP_958726.1_71,N,210,35.71
NC_002128.1_cds_NP_052673.1_72,N,339,48.67
NC_002128.1_cds_NP_052674.1_73,N,255,43.92
NC_002128.1_cds_NP_052675.1_74,N,858,57.58
NC_002128.1_cds_NP_052676.1_75,N,285,54.74
NC_002128.1_cds_NP_052677.1_76,N,276,48.55
NC_002128.1_cds_NP_052678.1_77,N,207,37.20
NC_002128.1_cds_NP_052681.1_78,N,465,54.62
NC_002128.1_cds_NP_052684.1_79,N,888,53.60
NC_002128.1_cds_NP_052685.1_80,N,3903,44.30
NC_002128.1_cds_NP_958727.1_81,N,273,49.45
NC_002128.1_cds_NP_052686.1_82,N,438,44.52
NC_002128.1_cds_NP_052687.1_83,N,1107,50.77
NC_002128.1_cds_NP_052688.1_84,N,1722,47.91
NC_002128.1_cds_NP_052689.1_85,N,999,47.05
NZ_CP010214.1_cds_1,N,549,54.64
NZ_CP010214.1_cds_WP_073519881.1_2,N,1146,52.97
NZ_CP010214.1_cds_3,N,99,58.59
NZ_CP010214.1_cds_4,N,520,52.69
NZ_CP010214.1_cds_WP_228395593.1_5,N,57,52.63
NZ_CP010214.1_cds_6,N,757,53.37
NZ_CP010214.1_cds_WP_000756325.1_7,N,963,41.74
NZ_CP010214.1_cds_WP_000817644.1_8,N,1206,45.61
NZ_CP010214.1_cds_WP_032334873.1_9,N,213,53.99
NZ_CP010214.1_cds_WP_001132895.1_10,N,252,51.98
NZ_CP010214.1_cds_WP_001270417.1_11,N,288,42.01
NZ_CP010214.1_cds_12,N,278,44.24
NZ_CP010214.1_cds_WP_000361618.1_13,N,978,52.66
NZ_CP010214.1_cds_WP_073519885.1_14,N,741,57.76
NZ_CP010214.1_cds_WP_073519886.1_15,N,147,49.66
NZ_CP010214.1_cds_WP_073519985.1_16,N,849,34.75
NZ_CP010214.1_cds_17,N,210,43.81
NZ_CP010214.1_cds_18,N,107,42.06
NZ_CP010214.1_cds_19,N,270,31.11
NZ_CP010214.1_cds_20,N,1114,43.63
NZ_CP010214.1_cds_21,N,426,51.64
NZ_CP010214.1_cds_WP_073519890.1_22,N,3930,48.24
NZ_CP010214.1_cds_WP_228084773.1_23,N,270,26.30
NZ_CP010214.1_cds_WP_073519892.1_24,N,762,42.91
NZ_CP010214.1_cds_WP_073519893.1_25,N,765,46.80
NZ_CP010214.1_cds_WP_073519894.1_26,N,798,45.61
NZ_CP010214.1_cds_WP_073519895.1_27,N,798,42.48
NZ_CP010214.1_cds_WP_073519896.1_28,N,492,50.81
NZ_CP010214.1_cds_WP_073519897.1_29,N,777,52.90
NZ_CP010214.1_cds_WP_073519898.1_30,N,2445,56.07
NZ_CP010214.1_cds_WP_073519899.1_31,N,543,53.59
NZ_CP010214.1_cds_WP_073519900.1_32,N,300,38.67
NZ_CP010214.1_cds_33,N,247,47.37
NZ_CP010214.1_cds_34,N,241,54.36
NZ_CP010214.1_cds_WP_228395579.1_35,N,576,49.48
NZ_CP010214.1_cds_36,N,782,50.26
NZ_CP010214.1_cds_37,N,1022,52.54
NZ_CP010214.1_cds_38,N,228,47.81
NZ_CP010214.1_cds_39,N,758,55.15
NZ_CP010214.1_cds_40,N,214,47.20
NZ_CP010214.1_cds_WP_073519904.1_41,N,1233,50.53
NZ_CP010214.1_cds_WP_073519905.1_42,N,639,50.08
NZ_CP010214.1_cds_WP_202385660.1_43,N,1221,48.98
NZ_CP010214.1_cds_44,N,1077,42.53
NZ_CP010214.1_cds_WP_073519907.1_45,N,4104,49.00
NZ_CP010214.1_cds_WP_157916187.1_46,N,378,31.22
NZ_CP010214.1_cds_47,N,575,50.09
NZ_CP010214.1_cds_WP_073519910.1_48,N,399,48.12
NZ_CP010214.1_cds_WP_077897977.1_49,N,354,46.05
NZ_CP010214.1_cds_50,N,101,51.49
NZ_CP010214.1_cds_WP_073519911.1_51,N,420,49.29
NZ_CP010214.1_cds_52,N,195,52.82
NZ_CP010214.1_cds_WP_046201741.1_53,N,273,45.42
NZ_CP010214.1_cds_WP_001400936.1_54,N,579,50.95
NZ_CP010214.1_cds_55,N,3048,48.72
NZ_CP010214.1_cds_WP_073519912.1_56,N,2190,42.51
NZ_CP010214.1_cds_WP_073519913.1_57,N,1254,42.03
NZ_CP010214.1_cds_WP_228395580.1_58,N,363,32.23
NZ_CP010214.1_cds_59,N,324,48.15
NZ_CP010214.1_cds_WP_046201741.1_60,N,273,45.42
NZ_CP010214.1_cds_61,N,264,55.68
NZ_CP010214.1_cds_62,N,283,52.65
NZ_CP010214.1_cds_WP_073519918.1_63,N,270,51.11
NZ_CP010214.1_cds_WP_073519919.1_64,N,159,55.97
NZ_CP010214.1_cds_65,N,829,57.06
NZ_CP010214.1_cds_66,N,42,50.00
NZ_CP010214.1_cds_WP_228395577.1_67,N,234,45.73
NZ_CP010214.1_cds_WP_073519922.1_68,N,258,46.12
NZ_CP010214.1_cds_WP_001312851.1_69,N,150,48.00
NZ_CP010214.1_cds_WP_032334802.1_70,N,591,49.58
NZ_CP010214.1_cds_WP_001299729.1_71,N,210,36.67
NZ_CP010214.1_cds_WP_077898159.1_72,N,462,46.97
NZ_CP010214.1_cds_WP_032334799.1_73,N,213,61.03
NZ_CP010214.1_cds_74,N,561,57.04
NZ_CP010214.1_cds_WP_228395576.1_75,N,702,58.55
NZ_CP010214.1_cds_WP_073519925.1_76,N,2154,35.42
NZ_CP010214.1_cds_WP_073519926.1_77,N,1221,34.15
NZ_CP010214.1_cds_WP_073519927.1_78,N,573,42.93
NZ_CP010214.1_cds_79,N,189,50.79
NZ_CP010214.1_cds_80,N,222,49.55
NZ_CP010214.1_cds_WP_073519929.1_81,N,1110,41.80
NZ_CP010214.1_cds_WP_073519930.1_82,N,711,40.65
NZ_CP010214.1_cds_WP_073519931.1_83,N,810,38.40
NZ_CP010214.1_cds_WP_073519932.1_84,N,1467,43.29
NZ_CP010214.1_cds_WP_073519989.1_85,N,876,44.63
NZ_CP010214.1_cds_WP_073519990.1_86,N,900,40.11
NZ_CP010214.1_cds_WP_228084779.1_87,N,1128,44.59
NZ_CP010214.1_cds_WP_034173832.1_88,N,729,38.13
NZ_CP010214.1_cds_WP_034173833.1_89,N,885,42.94
NZ_CP010214.1_cds_90,N,102,50.98
NZ_CP010214.1_cds_WP_073519933.1_91,N,207,62.32
NZ_CP010214.1_cds_92,N,561,56.15
NZ_CP010214.1_cds_WP_073519934.1_93,N,735,56.73
NZ_CP010214.1_cds_WP_073519935.1_94,N,5271,59.97
NZ_CP010214.1_cds_WP_073519936.1_95,N,2154,54.55
NZ_CP010214.1_cds_WP_123006582.1_96,N,732,54.10
NZ_CP010214.1_cds_WP_073519937.1_97,N,498,37.95
NZ_CP010214.1_cds_WP_073519938.1_98,N,2853,52.19
NZ_CP010214.1_cds_WP_073519939.1_99,N,1419,51.80
NZ_CP010214.1_cds_WP_073519941.1_100,N,492,40.24
NZ_CP010214.1_cds_WP_073519942.1_101,N,555,55.86
NZ_CP010214.1_cds_WP_073519943.1_102,N,288,51.39
NZ_CP010214.1_cds_WP_073519945.1_103,N,366,42.90
NZ_CP010214.1_cds_WP_073519946.1_104,N,744,54.17
NZ_CP010214.1_cds_WP_073519947.1_105,N,468,55.34
NZ_CP010214.1_cds_WP_077897973.1_106,N,1884,54.25
NZ_CP010214.1_cds_WP_073519948.1_107,N,381,56.17
NZ_CP010214.1_cds_WP_073519949.1_108,N,639,58.84
NZ_CP010214.1_cds_WP_073519950.1_109,N,993,55.89
NZ_CP010214.1_cds_WP_073519951.1_110,N,633,59.72
NZ_CP010214.1_cds_WP_073519952.1_111,N,387,58.66
NZ_CP010214.1_cds_WP_073519953.1_112,N,2628,56.77
NZ_CP010214.1_cds_WP_073519954.1_113,N,396,56.06
NZ_CP010214.1_cds_WP_073519955.1_114,N,471,52.65
NZ_CP010214.1_cds_WP_073519956.1_115,N,477,47.17
NZ_CP010214.1_cds_WP_073519957.1_116,N,222,42.34
NZ_CP010214.1_cds_WP_073519958.1_117,N,516,54.65
NZ_CP010214.1_cds_WP_077897972.1_118,N,354,41.24
NZ_CP010214.1_cds_WP_073519959.1_119,N,585,51.62
NZ_CP010214.1_cds_WP_073519960.1_120,N,1449,58.11
NZ_CP010214.1_cds_WP_073519961.1_121,N,732,59.15
NZ_CP010214.1_cds_WP_073519962.1_122,N,567,47.80
NZ_CP010214.1_cds_WP_073519963.1_123,N,312,47.76
NZ_CP010214.1_cds_WP_073519964.1_124,N,360,53.89
NZ_CP010214.1_cds_WP_073519965.1_125,N,228,43.42
NZ_CP010214.1_cds_126,N,692,33.96
NZ_CP010214.1_cds_WP_073519967.1_127,N,387,38.24
NZ_CP010214.1_cds_WP_077897971.1_128,N,570,44.56
NZ_CP010214.1_cds_WP_073519968.1_129,N,822,45.86
NZ_CP010214.1_cds_WP_073519969.1_130,N,345,53.33
NZ_CP010214.1_cds_131,N,256,66.80
NZ_CP010214.1_cds_132,N,247,60.32
NZ_CP010214.1_cds_WP_171769349.1_133,N,375,45.87
NZ_CP010214.1_cds_WP_228084746.1_134,N,126,51.59
NZ_CP010214.1_cds_WP_228084742.1_135,N,153,46.41
NZ_CP010214.1_cds_WP_073519971.1_136,N,315,55.87
NZ_CP010214.1_cds_137,N,730,56.44
NZ_CP010214.1_cds_WP_097455818.1_138,N,435,54.71
NZ_CP010214.1_cds_WP_073519973.1_139,N,1998,58.21
NZ_CP010214.1_cds_WP_073519974.1_140,N,243,54.32
NZ_CP010214.1_cds_WP_073519975.1_141,N,558,60.04
NZ_CP010214.1_cds_WP_157920373.1_142,N,150,62.00
NZ_CP010214.1_cds_WP_154813206.1_143,N,222,67.57
NZ_CP010214.1_cds_WP_160537948.1_144,N,255,50.20
NZ_CP010214.1_cds_145,N,135,56.30
NZ_CP010214.1_cds_146,N,496,53.83
NZ_CP010214.1_cds_WP_073519977.1_147,N,552,45.11
NZ_CP010214.1_cds_WP_228084745.1_148,N,525,45.14
NZ_CP010214.1_cds_WP_228084741.1_149,N,687,49.64
NZ_CP010214.1_cds_WP_073519979.1_150,N,309,45.95
NZ_CP010214.1_cds_WP_073519980.1_151,N,708,50.71
NZ_CP010214.1_cds_WP_073519981.1_152,N,873,51.55
NZ_CP010214.1_cds_WP_073519982.1_153,N,927,49.51
NZ_CP010214.1_cds_154,N,902,54.32
NZ_CP010214.1_cds_WP_073519983.1_155,N,249,50.60
NZ_CP010214.1_cds_WP_073519984.1_156,N,438,55.48
NZ_CP010214.1_cds_157,N,327,49.54
NZ_CP010214.1_cds_158,N,420,60.71
NZ_CP010214.1_cds_WP_228395592.1_159,N,9858,55.54
NZ_CP010214.1_cds_WP_073519780.1_160,N,1773,56.97
NZ_CP010215.1_cds_WP_073519997.1_1,N,5271,59.99
NZ_CP010215.1_cds_WP_073519998.1_2,N,2199,54.30
NZ_CP010215.1_cds_WP_000850424.1_3,N,732,50.27
NZ_CP010215.1_cds_WP_000628099.1_4,N,510,31.76
NZ_CP010215.1_cds_WP_001007030.1_5,N,2826,50.71
NZ_CP010215.1_cds_WP_001137358.1_6,N,1374,51.60
NZ_CP010215.1_cds_WP_073519999.1_7,N,363,48.48
NZ_CP010215.1_cds_WP_000060037.1_8,N,546,56.78
NZ_CP010215.1_cds_WP_000624108.1_9,N,285,52.98
NZ_CP010215.1_cds_WP_072656932.1_10,N,348,39.37
NZ_CP010215.1_cds_WP_073520000.1_11,N,744,51.88
NZ_CP010215.1_cds_12,N,248,37.10
NZ_CP010215.1_cds_WP_073520001.1_13,N,1851,53.59
NZ_CP010215.1_cds_WP_073520002.1_14,N,423,55.79
NZ_CP010215.1_cds_WP_073520003.1_15,N,372,53.49
NZ_CP010215.1_cds_WP_073520004.1_16,N,639,56.18
NZ_CP010215.1_cds_WP_073520005.1_17,N,519,39.50
NZ_CP010215.1_cds_WP_073520007.1_18,N,993,56.60
NZ_CP010215.1_cds_WP_073520008.1_19,N,633,59.87
NZ_CP010215.1_cds_WP_073520009.1_20,N,387,57.62
NZ_CP010215.1_cds_WP_073520010.1_21,N,2628,53.73
NZ_CP010215.1_cds_WP_073520011.1_22,N,378,55.29
NZ_CP010215.1_cds_WP_073520012.1_23,N,474,47.26
NZ_CP010215.1_cds_WP_001278695.1_24,N,222,43.24
NZ_CP010215.1_cds_WP_073520013.1_25,N,516,53.88
NZ_CP010215.1_cds_WP_073520014.1_26,N,252,41.27
NZ_CP010215.1_cds_WP_073520015.1_27,N,321,43.30
NZ_CP010215.1_cds_WP_024179131.1_28,N,573,50.96
NZ_CP010215.1_cds_WP_000146685.1_29,N,1428,57.07
NZ_CP010215.1_cds_WP_001230787.1_30,N,729,57.20
NZ_CP010215.1_cds_WP_000399792.1_31,N,567,46.74
NZ_CP010215.1_cds_WP_000012106.1_32,N,312,47.12
NZ_CP010215.1_cds_WP_073520016.1_33,N,366,51.64
NZ_CP010215.1_cds_WP_001254386.1_34,N,228,42.98
NZ_CP010215.1_cds_WP_073520017.1_35,N,687,36.24
NZ_CP010215.1_cds_WP_000124981.1_36,N,384,39.32
NZ_CP010215.1_cds_WP_000614935.1_37,N,648,44.44
NZ_CP010215.1_cds_WP_073520018.1_38,N,822,43.92
NZ_CP010215.1_cds_WP_000107535.1_39,N,288,51.39
NZ_CP010215.1_cds_WP_073520019.1_40,N,207,56.52
NZ_CP010215.1_cds_41,N,174,68.39
NZ_CP010215.1_cds_WP_001372321.1_42,N,126,48.41
NZ_CP010215.1_cds_43,N,150,47.33
NZ_CP010215.1_cds_WP_001299721.1_44,N,189,49.21
NZ_CP010215.1_cds_45,N,763,59.76
NZ_CP010215.1_cds_WP_000845949.1_46,N,435,57.24
NZ_CP010215.1_cds_WP_073520020.1_47,N,1959,58.65
NZ_CP010215.1_cds_WP_001519997.1_48,N,234,52.14
NZ_CP010215.1_cds_WP_009426937.1_49,N,540,59.07
NZ_CP010215.1_cds_WP_073520019.1_50,N,207,56.52
NZ_CP010215.1_cds_WP_071594011.1_51,N,228,62.28
NZ_CP010215.1_cds_WP_073520021.1_52,N,564,59.04
NZ_CP010215.1_cds_WP_000170675.1_53,N,1362,57.05
NZ_CP010215.1_cds_WP_000218642.1_54,N,231,58.44
NZ_CP010215.1_cds_WP_001027516.1_55,N,192,51.04
NZ_CP010215.1_cds_WP_042974081.1_56,N,423,56.50
NZ_CP010215.1_cds_WP_001378296.1_57,N,426,53.29
NZ_CP010215.1_cds_WP_073520022.1_58,N,777,60.88
NZ_CP010215.1_cds_WP_228395581.1_59,N,519,57.80
NZ_CP010215.1_cds_WP_001104873.1_60,N,222,53.60
NZ_CP010215.1_cds_WP_073520024.1_61,N,684,57.31
NZ_CP010215.1_cds_62,N,292,63.01
NZ_CP010215.1_cds_WP_000959874.1_63,N,963,39.15
NZ_CP010215.1_cds_WP_000361389.1_64,N,351,41.31
NZ_CP010215.1_cds_65,N,204,36.27
NZ_CP010215.1_cds_66,N,235,47.23
NZ_CP010215.1_cds_WP_001152000.1_67,N,306,38.56
NZ_CP010215.1_cds_WP_001262766.1_68,N,1773,33.33
NZ_CP010215.1_cds_WP_001398199.1_69,N,402,54.98
NZ_CP010215.1_cds_WP_000557619.1_70,N,258,53.10
NZ_CP010215.1_cds_WP_000616800.1_71,N,654,51.53
NZ_CP010215.1_cds_WP_001333237.1_72,N,141,53.90
NZ_CP010215.1_cds_WP_073520027.1_73,N,858,56.99
NZ_CP010215.1_cds_WP_001365705.1_74,N,75,49.33
NZ_CP010215.1_cds_WP_000083830.1_75,N,255,43.92
NZ_CP010215.1_cds_WP_073520028.1_76,N,591,49.58
NZ_CP010215.1_cds_WP_001299729.1_77,N,210,36.67
NZ_CP010215.1_cds_WP_073520029.1_78,N,462,47.40
NZ_CP010215.1_cds_WP_001311693.1_79,N,213,62.91
NZ_CP010215.1_cds_WP_073520030.1_80,N,561,55.44
NZ_CP010215.1_cds_WP_073520031.1_81,N,741,57.89
NZ_CP010216.1_cds_WP_073520036.1_1,N,891,30.30
NZ_CP010216.1_cds_WP_000165974.1_2,N,192,53.12
NZ_CP010216.1_cds_WP_000956000.1_3,N,324,62.04
NZ_CP010216.1_cds_4,N,711,54.85
NZ_CP010216.1_cds_WP_077897986.1_5,N,531,49.53
NZ_CP010216.1_cds_WP_077897985.1_6,N,234,51.28
NZ_CP010216.1_cds_WP_073520035.1_7,N,1134,32.19
NZ_CP010217.1_cds_WP_073520041.1_1,N,915,54.97
NZ_CP010217.1_cds_WP_001419703.1_2,N,144,45.83
NZ_CP010217.1_cds_WP_001419702.1_3,N,258,33.33
NZ_CP010217.1_cds_WP_073520038.1_4,N,1668,48.44
NZ_CP010217.1_cds_WP_073520039.1_5,N,534,49.44
NZ_CP010217.1_cds_6,N,926,53.13
NZ_CP010217.1_cds_WP_073520040.1_7,N,399,49.62
NZ_CP025708.1_cds_WP_000361612.1_1,N,978,52.76
NZ_CP025708.1_cds_WP_001066942.1_2,N,741,57.62
NZ_CP025708.1_cds_WP_042065278.1_3,N,183,49.18
NZ_CP025708.1_cds_4,N,290,40.69
NZ_CP025708.1_cds_5,N,269,49.44
NZ_CP025708.1_cds_WP_001072355.1_6,N,1170,33.76
NZ_CP025708.1_cds_7,N,129,44.96
NZ_CP025708.1_cds_8,N,204,38.24
NZ_CP025708.1_cds_WP_000421272.1_9,N,276,48.19
NZ_CP025708.1_cds_WP_001387467.1_10,N,285,54.74
NZ_CP025708.1_cds_WP_000562172.1_11,N,753,49.40
NZ_CP025708.1_cds_WP_001022265.1_12,N,966,54.04
NZ_CP025708.1_cds_WP_000710783.1_13,N,381,53.54
NZ_CP025708.1_cds_WP_001077068.1_14,N,891,50.84
NZ_CP025708.1_cds_WP_000796505.1_15,N,195,59.49
NZ_CP025708.1_cds_16,N,441,60.54
NZ_CP025708.1_cds_WP_000338039.1_17,N,879,59.61
NZ_CP025708.1_cds_WP_001271561.1_18,N,888,60.36
NZ_CP025708.1_cds_WP_000922702.1_19,N,825,60.48
NZ_CP025708.1_cds_WP_000950177.1_20,N,1074,61.73
NZ_CP025708.1_cds_WP_000476108.1_21,N,1311,59.19
NZ_CP025708.1_cds_22,N,309,52.75
NZ_CP025708.1_cds_WP_000338295.1_23,N,174,47.70
NZ_CP025708.1_cds_24,N,1197,53.22
NZ_CP025708.1_cds_WP_001067834.1_25,N,705,53.05
NZ_CP025708.1_cds_26,N,531,56.69
NZ_CP025708.1_cds_WP_000874189.1_27,N,486,49.38
NZ_CP025708.1_cds_WP_001267177.1_28,N,486,58.23
NZ_CP025708.1_cds_WP_000117262.1_29,N,696,57.04
NZ_CP025708.1_cds_WP_000729220.1_30,N,1131,58.53
NZ_CP025708.1_cds_WP_000964653.1_31,N,1284,59.35
NZ_CP025708.1_cds_WP_000119836.1_32,N,1380,57.10
NZ_CP025708.1_cds_WP_000178050.1_33,N,528,53.41
NZ_CP025708.1_cds_WP_000118029.1_34,N,1887,55.59
NZ_CP025708.1_cds_WP_001225378.1_35,N,762,48.29
NZ_CP025708.1_cds_WP_000949452.1_36,N,507,59.57
NZ_CP025708.1_cds_37,N,171,59.06
NZ_CP025708.1_cds_38,N,114,48.25
NZ_CP025708.1_cds_WP_151884388.1_39,N,699,54.36
NZ_CP025708.1_cds_40,N,1164,45.02
NZ_CP025708.1_cds_WP_000275180.1_41,N,417,35.97
NZ_CP025708.1_cds_WP_000428546.1_42,N,594,32.66
NZ_CP025708.1_cds_WP_001089068.1_43,N,1206,43.37
NZ_CP025708.1_cds_WP_000088605.1_44,N,624,40.22
NZ_CP025708.1_cds_WP_001284954.1_45,N,687,41.63
NZ_CP025708.1_cds_WP_000460651.1_46,N,387,39.02
NZ_CP025708.1_cds_WP_049802299.1_47,N,264,34.09
NZ_CP025708.1_cds_WP_095033700.1_48,N,699,54.51
NZ_CP025708.1_cds_49,N,336,33.33
NZ_CP025708.1_cds_WP_000503573.1_50,N,789,58.30
NZ_CP025708.1_cds_WP_000679427.1_51,N,348,50.00
NZ_CP025708.1_cds_WP_000259031.1_52,N,840,61.67
NZ_CP025708.1_cds_WP_000376616.1_53,N,204,62.75
NZ_CP025708.1_cds_WP_000184001.1_54,N,1206,58.87
NZ_CP025708.1_cds_WP_000130000.1_55,N,306,55.23
NZ_CP025708.1_cds_56,N,66,51.52
NZ_CP025708.1_cds_WP_001389365.1_57,N,765,61.05
NZ_CP025708.1_cds_WP_001137892.1_58,N,585,61.03
NZ_CP025708.1_cds_WP_000004159.1_59,N,1239,65.05
NZ_CP025708.1_cds_WP_000219391.1_60,N,906,65.56
NZ_CP025708.1_cds_WP_001067855.1_61,N,705,53.19
NZ_CP025708.1_cds_WP_013362819.1_62,N,96,29.17
NZ_CP025708.1_cds_WP_013362818.1_63,N,738,33.20
NZ_CP025708.1_cds_WP_013362817.1_64,N,450,35.11
NZ_CP025708.1_cds_WP_023909256.1_65,N,342,63.45
NZ_CP025708.1_cds_WP_032152108.1_66,N,1485,69.02
NZ_CP025708.1_cds_WP_001067855.1_67,N,705,53.19
NZ_CP025708.1_cds_WP_014837927.1_68,N,1128,60.82
NZ_CP025708.1_cds_WP_000248278.1_69,N,228,53.07
NZ_CP025708.1_cds_WP_000951934.1_70,N,192,47.40
NZ_CP025708.1_cds_WP_000587837.1_71,N,543,57.09
NZ_CP025708.1_cds_WP_000557454.1_72,N,861,59.81
NZ_CP025708.1_cds_73,N,207,43.00
NZ_CP025708.1_cds_WP_001067858.1_74,N,705,52.77
NZ_CP025708.1_cds_75,N,387,53.75
NZ_CP025708.1_cds_WP_000027057.1_76,N,861,49.01
NZ_CP025708.1_cds_WP_000480972.1_77,N,837,55.79
NZ_CP025708.1_cds_WP_001082320.1_78,N,804,56.09
NZ_CP025708.1_cds_WP_001043260.1_79,N,816,60.78
NZ_CP025708.1_cds_80,N,87,52.87
NZ_CP025708.1_cds_WP_000427619.1_81,N,1005,48.96
NZ_CP025708.1_cds_WP_001138070.1_82,N,2967,64.98
NZ_CP025708.1_cds_83,N,315,60.00
NZ_CP025708.1_cds_WP_001067855.1_84,N,705,53.19
NZ_CP025708.1_cds_WP_004201280.1_85,N,474,45.99
NZ_CP025708.1_cds_WP_000845048.1_86,N,1014,61.14
NZ_CP025708.1_cds_WP_001067855.1_87,N,705,53.19
NZ_CP025708.1_cds_88,N,1515,65.35
NZ_CP025708.1_cds_WP_001262767.1_89,N,1773,33.33
NZ_CP025708.1_cds_WP_001398199.1_90,N,402,55.22
NZ_CP025708.1_cds_WP_000557619.1_91,N,258,53.49
NZ_CP025708.1_cds_WP_000616807.1_92,N,654,52.14
NZ_CP025708.1_cds_WP_001333237.1_93,N,141,53.90
NZ_CP025708.1_cds_WP_000130948.1_94,N,858,56.99
NZ_CP025708.1_cds_WP_001365705.1_95,N,75,49.33
NZ_CP025708.1_cds_WP_000083821.1_96,N,258,46.90
NZ_CP025708.1_cds_WP_000156883.1_97,N,1023,49.66
NZ_CP025708.1_cds_WP_000005489.1_98,N,354,43.50
NZ_CP025708.1_cds_WP_032147503.1_99,N,579,51.12
NZ_CP025708.1_cds_100,N,694,54.03
NZ_CP025708.1_cds_WP_000229735.1_101,N,357,49.86
NZ_CP025708.1_cds_WP_000624725.1_102,N,351,52.42
NZ_CP025708.1_cds_WP_000080217.1_103,N,222,51.80
NZ_CP025708.1_cds_104,N,342,53.22
NZ_CP025708.1_cds_WP_001496175.1_105,N,480,47.92
NZ_CP025708.1_cds_WP_000514417.1_106,N,1404,54.70
NZ_CP025708.1_cds_WP_000154544.1_107,N,1005,53.63
NZ_CP025708.1_cds_WP_000440183.1_108,N,912,57.68
NZ_CP025708.1_cds_WP_000410951.1_109,N,1221,53.07
NZ_CP025708.1_cds_110,N,588,51.19
NZ_CP025708.1_cds_111,N,447,57.72
NZ_CP025708.1_cds_WP_001365705.1_112,N,75,49.33
NZ_CP025708.1_cds_WP_000083833.1_113,N,258,46.12
NZ_CP025708.1_cds_WP_001312851.1_114,N,150,48.00
NZ_CP025708.1_cds_WP_000968309.1_115,N,183,34.43
NZ_CP025708.1_cds_116,N,703,54.34
NZ_CP025708.1_cds_WP_005012601.1_117,N,213,61.50
NZ_CP025708.1_cds_WP_000139363.1_118,N,561,56.15
NZ_CP025708.1_cds_WP_000205701.1_119,N,747,57.83
NZ_CP025708.1_cds_WP_001553822.1_120,N,5271,59.84
NZ_CP025708.1_cds_WP_001553824.1_121,N,2181,52.41
NZ_CP025708.1_cds_WP_045227890.1_122,N,711,51.34
NZ_CP025708.1_cds_WP_001553825.1_123,N,456,31.14
NZ_CP025708.1_cds_WP_001553826.1_124,N,2826,50.14
NZ_CP025708.1_cds_WP_001553827.1_125,N,1374,51.97
NZ_CP025708.1_cds_WP_001553828.1_126,N,393,38.42
NZ_CP025708.1_cds_127,N,374,43.05
NZ_CP025708.1_cds_WP_001553830.1_128,N,555,56.58
NZ_CP025708.1_cds_WP_000624105.1_129,N,285,54.39
NZ_CP025708.1_cds_WP_000415571.1_130,N,336,33.93
NZ_CP025708.1_cds_WP_000556794.1_131,N,342,38.01
NZ_CP025708.1_cds_WP_001030378.1_132,N,744,51.61
NZ_CP025708.1_cds_WP_000864318.1_133,N,258,41.09
NZ_CP025708.1_cds_WP_001553831.1_134,N,1809,52.40
NZ_CP025708.1_cds_WP_001553832.1_135,N,639,55.56
NZ_CP025708.1_cds_WP_001553833.1_136,N,993,55.09
NZ_CP025708.1_cds_WP_001203720.1_137,N,633,59.56
NZ_CP025708.1_cds_WP_000099690.1_138,N,387,58.14
NZ_CP025708.1_cds_WP_001064264.1_139,N,2628,54.00
NZ_CP025708.1_cds_WP_001278692.1_140,N,222,44.59
NZ_CP025708.1_cds_WP_000809832.1_141,N,516,52.71
NZ_CP025708.1_cds_WP_001038342.1_142,N,252,42.46
NZ_CP025708.1_cds_143,N,321,42.99
NZ_CP025708.1_cds_WP_000002787.1_144,N,591,49.75
NZ_CP025708.1_cds_WP_001553836.1_145,N,1428,57.21
NZ_CP025708.1_cds_WP_001230813.1_146,N,729,57.34
NZ_CP025708.1_cds_WP_000399790.1_147,N,567,47.09
NZ_CP025708.1_cds_WP_000012106.1_148,N,312,47.12
NZ_CP025708.1_cds_WP_000340282.1_149,N,366,52.19
NZ_CP025708.1_cds_WP_001352842.1_150,N,216,38.43
NZ_CP025708.1_cds_WP_000332520.1_151,N,648,33.64
NZ_CP025708.1_cds_WP_001063020.1_152,N,384,38.28
NZ_CP025708.1_cds_WP_000949660.1_153,N,573,43.28
NZ_CP025708.1_cds_WP_001234465.1_154,N,822,44.53
NZ_CP025708.1_cds_WP_000107242.1_155,N,288,52.43
NZ_CP025708.1_cds_WP_000275854.1_156,N,207,53.62
NZ_CP025708.1_cds_157,N,298,65.77
NZ_CP025708.1_cds_WP_096937776.1_158,N,126,47.62
NZ_CP025708.1_cds_159,N,150,47.33
NZ_CP025708.1_cds_160,N,106,55.66
NZ_CP025708.1_cds_161,N,318,53.14
NZ_CP025708.1_cds_162,N,252,52.38
NZ_CP025708.1_cds_WP_223350513.1_163,N,513,44.83
NZ_CP025708.1_cds_164,N,694,54.03
NZ_CP025708.1_cds_165,N,105,56.19
NZ_CP025708.1_cds_WP_001037799.1_166,N,1395,39.64
NZ_CP025708.1_cds_WP_024170639.1_167,N,1434,51.12
NZ_CP025708.1_cds_WP_001083369.1_168,N,1278,46.48
NZ_CP025708.1_cds_WP_000253905.1_169,N,2127,51.06
NZ_CP025708.1_cds_WP_000053332.1_170,N,1011,48.37
NZ_CP025708.1_cds_171,N,759,49.28
NZ_CP025708.1_cds_WP_152924612.1_172,N,1230,53.98
NZ_CP025708.1_cds_WP_123863258.1_173,N,570,34.04
NZ_CP025708.1_cds_WP_047605447.1_174,N,255,54.90
NZ_CP025708.1_cds_WP_001348621.1_175,N,564,59.22
NZ_CP025708.1_cds_WP_000170714.1_176,N,1362,56.90
NZ_CP025708.1_cds_WP_000218642.1_177,N,231,58.01
NZ_CP025708.1_cds_WP_001027516.1_178,N,192,51.04
NZ_CP025708.1_cds_WP_000271753.1_179,N,423,56.03
NZ_CP025708.1_cds_WP_001198928.1_180,N,426,55.16
NZ_CP025708.1_cds_WP_001753849.1_181,N,777,60.62
NZ_CP025708.1_cds_WP_123325260.1_182,N,519,56.26
NZ_CP025708.1_cds_WP_001104873.1_183,N,222,53.60
NZ_CP025708.1_cds_WP_000086185.1_184,N,684,56.58
NZ_CP025708.1_cds_WP_011254640.1_185,N,312,63.14
NZ_CP025708.1_cds_WP_001348615.1_186,N,903,55.04
NZ_CP025708.1_cds_WP_000817036.1_187,N,972,45.99
NZ_CP025708.1_cds_WP_000772446.1_188,N,1167,47.13
NZ_CP025708.1_cds_WP_000852146.1_189,N,756,47.35
NZ_CP025708.1_cds_WP_000016982.1_190,N,807,57.37
NZ_CP025708.1_cds_WP_001159868.1_191,N,306,50.33
NZ_CP025708.1_cds_WP_000813634.1_192,N,219,50.68
NZ_CP025708.1_cds_WP_000215657.1_193,N,198,45.45
NZ_CP025708.1_cds_WP_000642771.1_194,N,285,57.54
NZ_CP025708.1_cds_WP_000545983.1_195,N,1134,50.62
NZ_CP025708.1_cds_WP_001553851.1_196,N,3120,44.23
NZ_CP025708.1_cds_WP_001261287.1_197,N,231,54.55
NZ_CP025708.1_cds_WP_001044768.1_198,N,417,59.23
NZ_CP025708.1_cds_WP_000350635.1_199,N,2139,49.98
NZ_CP025708.1_cds_WP_000246636.1_200,N,996,49.60
NZ_CP025708.1_cds_WP_001553853.1_201,N,894,48.55
NZ_CP025708.1_cds_WP_223364856.1_202,N,699,53.93
NZ_CP025708.1_cds_WP_001553854.1_203,N,3117,43.70
NZ_CP025708.1_cds_WP_105955882.1_204,N,1245,39.92
NZ_CP025708.1_cds_WP_001553856.1_205,N,1557,45.47
NZ_CP025708.1_cds_WP_001190712.1_206,N,222,51.35
NZ_CP025708.1_cds_WP_001216034.1_207,N,381,52.23
NZ_CP025708.1_cds_WP_001513661.1_208,N,180,48.89
NZ_CP025708.1_cds_209,N,279,50.90
NZ_CP025708.1_cds_210,N,414,52.42
NZ_CP025708.1_cds_WP_169329198.1_211,N,336,43.45
NZ_CP025708.1_cds_WP_000019407.1_212,N,981,55.05
NZ_CP025708.1_cds_WP_001373486.1_213,N,1404,54.84
NZ_CP025708.1_cds_WP_000081352.1_214,N,933,60.34
NZ_CP025708.1_cds_215,N,330,58.18
NZ_CP025708.1_cds_WP_095033700.1_216,N,699,54.36
NZ_CP025708.1_cds_217,N,971,53.55
NZ_CP025709.1_cds_WP_021293554.1_1,N,1100,47.36
NZ_CP025709.1_cds_WP_001401940.1_2,N,657,42.62
NZ_CP025709.1_cds_WP_000014005.1_3,N,561,43.85
NZ_CP025709.1_cds_WP_000908227.1_4,N,615,44.23
NZ_CP025709.1_cds_WP_001208802.1_5,N,1086,45.67
NZ_CP025709.1_cds_WP_023518854.1_6,N,1554,47.17
NZ_CP025709.1_cds_WP_001247337.1_7,N,453,44.15
NZ_CP025709.1_cds_WP_023518855.1_8,N,1296,48.77
NZ_CP025709.1_cds_WP_000748143.1_9,N,1683,48.66
NZ_CP025709.1_cds_WP_000539806.1_10,N,438,48.17
NZ_CP025709.1_cds_WP_001360287.1_11,N,1068,50.37
NZ_CP025709.1_cds_WP_001136187.1_12,N,255,58.04
NZ_CP025709.1_cds_WP_249825099.1_13,N,405,50.12
NZ_CP025709.1_cds_WP_001712498.1_14,N,534,43.63
NZ_CP025709.1_cds_WP_000074855.1_15,N,288,45.14
NZ_CP025709.1_cds_16,N,159,52.20
NZ_CP025709.1_cds_WP_023518831.1_17,N,1032,56.40
NZ_CP025709.1_cds_WP_032072206.1_18,N,141,56.03
NZ_CP025709.1_cds_WP_012783913.1_19,N,510,39.80
NZ_CP025709.1_cds_WP_001703912.1_20,N,603,47.60
NZ_CP025709.1_cds_WP_001703911.1_21,N,1347,47.44
NZ_CP025709.1_cds_WP_001245884.1_22,N,303,40.26
NZ_CP025709.1_cds_WP_000587689.1_23,N,627,43.06
NZ_CP025709.1_cds_WP_001703910.1_24,N,1272,51.81
NZ_CP025709.1_cds_WP_000109071.1_25,N,438,55.71
NZ_CP025709.1_cds_WP_000618110.1_26,N,249,51.41
NZ_CP025709.1_cds_WP_001739825.1_27,N,903,53.71
NZ_CP025709.1_cds_28,N,87,60.92
NZ_CP025709.1_cds_WP_001340323.1_29,N,336,45.24
NZ_CP025709.1_cds_WP_012783921.1_30,N,981,46.48
NZ_CP025709.1_cds_WP_000774832.1_31,N,423,44.68
NZ_CP025709.1_cds_WP_096035146.1_32,N,312,62.82
NZ_CP025709.1_cds_WP_000086127.1_33,N,684,56.14
NZ_CP025709.1_cds_WP_001104873.1_34,N,222,53.60
NZ_CP025709.1_cds_WP_202864534.1_35,N,519,57.42
NZ_CP025709.1_cds_WP_011264064.1_36,N,771,61.35
NZ_CP025709.1_cds_WP_001198928.1_37,N,426,54.93
NZ_CP025709.1_cds_WP_000271762.1_38,N,423,56.26
NZ_CP025709.1_cds_WP_001027495.1_39,N,192,50.52
NZ_CP025709.1_cds_WP_001434357.1_40,N,315,67.30
NZ_CP025709.1_cds_WP_001276120.1_41,N,528,59.28
NZ_CP025709.1_cds_WP_000006020.1_42,N,234,52.56
NZ_CP025709.1_cds_WP_011264061.1_43,N,1959,58.55
NZ_CP025709.1_cds_WP_001402001.1_44,N,435,54.48
NZ_CP025709.1_cds_WP_001276270.1_45,N,720,56.39
NZ_CP025709.1_cds_WP_000977995.1_46,N,597,55.44
NZ_CP025709.1_cds_WP_000117626.1_47,N,501,55.09
NZ_CP025709.1_cds_WP_000218858.1_48,N,435,57.93
NZ_CP025709.1_cds_WP_000804663.1_49,N,267,56.55
NZ_CP025709.1_cds_WP_000833767.1_50,N,390,45.13
NZ_CP025709.1_cds_WP_011264057.1_51,N,903,53.38
NZ_CP025709.1_cds_WP_032180668.1_52,N,195,51.28
NZ_CP025709.1_cds_WP_000148285.1_53,N,252,56.35
NZ_CP025709.1_cds_WP_001599394.1_54,N,849,50.65
NZ_CP025709.1_cds_WP_021529212.1_55,N,336,43.15
NZ_CP025709.1_cds_WP_001283947.1_56,N,333,42.64
NZ_CP025709.1_cds_WP_011264053.1_57,N,2700,52.30
NZ_CP025709.1_cds_WP_077769471.1_58,N,2292,50.09
NZ_CP025709.1_cds_WP_011264050.1_59,N,1071,51.45
NZ_CP025709.1_cds_WP_011264049.1_60,N,1209,50.87
NZ_CP025709.1_cds_WP_023063753.1_61,N,783,40.36
NZ_CP025709.1_cds_WP_000118520.1_62,N,318,53.14
NZ_CP025709.1_cds_WP_001221666.1_63,N,534,52.25
NZ_CP025709.1_cds_WP_063859842.1_64,N,1134,53.79
NZ_CP025709.1_cds_WP_000608644.1_65,N,1263,33.97
NZ_CP025709.1_cds_WP_223349261.1_66,N,375,36.00
NZ_CP025709.1_cds_WP_001387489.1_67,N,153,47.71
NZ_CP025709.1_cds_WP_050485428.1_68,N,213,51.17
NZ_CP025709.1_cds_WP_011264046.1_69,N,297,48.48
NZ_CP025709.1_cds_WP_001054897.1_70,N,177,38.98
NZ_CP025709.1_cds_WP_000062603.1_71,N,210,39.05
NZ_CP025709.1_cds_WP_000644796.1_72,N,663,38.91
NZ_CP025709.1_cds_WP_023518847.1_73,N,2169,46.70
NZ_CP025709.1_cds_WP_001746157.1_74,N,585,48.38
NZ_CP025709.1_cds_WP_001189160.1_75,N,1203,52.87
NZ_CP025709.1_cds_WP_000337399.1_76,N,615,51.71
NZ_CP025709.1_cds_WP_023518848.1_77,N,3045,50.87
NZ_CP025709.1_cds_WP_001164788.1_78,N,801,50.81
NZ_CP025709.1_cds_WP_001277255.1_79,N,189,48.68
NZ_CP025709.1_cds_WP_000086965.1_80,N,405,49.88
NZ_CP025709.1_cds_WP_001055569.1_81,N,528,52.27
NZ_CP025709.1_cds_WP_001493811.1_82,N,705,50.92
NZ_CP025709.1_cds_WP_011264042.1_83,N,1290,51.24
NZ_CP025709.1_cds_WP_001191880.1_84,N,984,54.17
NZ_CP025709.1_cds_WP_000138552.1_85,N,693,50.94
NZ_CP025709.1_cds_WP_001055900.1_86,N,348,52.87
NZ_CP025709.1_cds_WP_023518849.1_87,N,3768,54.38
NZ_CP025709.1_cds_WP_000014584.1_88,N,552,49.64
NZ_CP025709.1_cds_WP_001299214.1_89,N,291,49.83
NZ_CP025709.1_cds_WP_001024972.1_90,N,1149,51.61
NZ_CP025709.1_cds_WP_000646097.1_91,N,819,52.50
NZ_CP025709.1_cds_WP_001079808.1_92,N,459,51.20
NZ_CP025709.1_cds_WP_000977522.1_93,N,585,40.34
NZ_CP025709.1_cds_WP_000976351.1_94,N,1203,46.97
NZ_CP025709.1_cds_WP_023518851.1_95,N,825,43.27
NZ_CP025709.1_cds_WP_001139955.1_96,N,1155,48.74
NZ_CP025709.1_cds_97,N,330,43.03
NZ_CP025710.1_cds_WP_001749982.1_1,N,720,44.03
NZ_CP025710.1_cds_WP_001749988.1_2,N,570,47.37
NZ_CP025710.1_cds_WP_000845048.1_3,N,1014,61.14
NZ_CP025710.1_cds_WP_004201280.1_4,N,474,45.99
NZ_CP025710.1_cds_5,N,117,58.12
NZ_CP025710.1_cds_6,N,66,51.52
NZ_CP025710.1_cds_WP_001389365.1_7,N,765,61.05
NZ_CP025710.1_cds_8,N,66,51.52
NZ_CP025710.1_cds_WP_004098817.1_9,N,1215,49.30
NZ_CP025710.1_cds_WP_001288432.1_10,N,1434,48.19
NZ_CP025710.1_cds_11,N,273,53.48
NZ_CP025710.1_cds_WP_001749967.1_12,N,207,32.85
NZ_CP025710.1_cds_WP_012561184.1_13,N,648,49.54
NZ_CP025710.1_cds_WP_001452736.1_14,N,312,50.64
NZ_CP025710.1_cds_WP_001749965.1_15,N,315,45.71
NZ_CP025710.1_cds_WP_001749964.1_16,N,345,35.07
NZ_CP025710.1_cds_WP_219725065.1_17,N,306,51.31
NZ_CP025710.1_cds_WP_001749963.1_18,N,735,51.29
NZ_CP025710.1_cds_WP_000440698.1_19,N,282,42.55
NZ_CP025710.1_cds_WP_001749962.1_20,N,294,48.98
NZ_CP025710.1_cds_WP_000496058.1_21,N,318,42.14
NZ_CP025710.1_cds_WP_227647503.1_22,N,1110,45.50
NZ_CP025710.1_cds_WP_001067855.1_23,N,705,53.19
NZ_CP025710.1_cds_24,N,180,56.67
NZ_CP025710.1_cds_WP_002210551.1_25,N,129,49.61
NZ_CP025710.1_cds_WP_000792636.1_26,N,534,52.43
NZ_CP025710.1_cds_WP_000128596.1_27,N,996,50.00
NZ_CP025710.1_cds_WP_000101710.1_28,N,1161,53.83
NZ_CP025710.1_cds_WP_000735066.1_29,N,885,50.17
NZ_CP025710.1_cds_WP_000646594.1_30,N,699,50.79
NZ_CP025710.1_cds_WP_001257173.1_31,N,147,51.02
NZ_CP025710.1_cds_WP_001749958.1_32,N,1041,53.70
NZ_CP025710.1_cds_WP_001749959.1_33,N,228,46.49
NZ_CP025710.1_cds_WP_001749960.1_34,N,714,51.12
NZ_CP025710.1_cds_WP_249825100.1_35,N,1734,52.02
NZ_CP025710.1_cds_WP_001067855.1_36,N,705,53.19
NZ_CP025710.1_cds_37,N,1767,64.97
NZ_CP025710.1_cds_WP_000427619.1_38,N,1005,48.96
NZ_CP025710.1_cds_39,N,87,52.87
NZ_CP025710.1_cds_WP_001043260.1_40,N,816,60.78
NZ_CP025710.1_cds_WP_001082319.1_41,N,804,56.22
NZ_CP025710.1_cds_WP_000480968.1_42,N,837,55.91
NZ_CP025710.1_cds_43,N,405,58.52
NZ_CP025710.1_cds_WP_000027057.1_44,N,861,49.36
NZ_CP025710.1_cds_45,N,318,53.77
NZ_CP025710.1_cds_WP_000722315.1_46,N,825,49.45
NZ_CP025710.1_cds_WP_001206315.1_47,N,789,53.11
NZ_CP025710.1_cds_WP_014454105.1_48,N,555,54.59
NZ_CP025710.1_cds_WP_001217881.1_49,N,558,53.23
NZ_CP025710.1_cds_50,N,900,51.67
NZ_CP025710.1_cds_WP_004152391.1_51,N,1716,65.97
NZ_CP025710.1_cds_WP_004152392.1_52,N,3030,60.76
NZ_CP025710.1_cds_WP_004199214.1_53,N,1026,63.65
NZ_CP025710.1_cds_WP_004152394.1_54,N,780,61.79
NZ_CP025710.1_cds_WP_004152396.1_55,N,882,61.34
NZ_CP025710.1_cds_WP_004152397.1_56,N,1320,61.52
NZ_CP025710.1_cds_57,N,2112,51.61
NZ_CP025710.1_cds_58,N,561,54.55
NZ_CP025710.1_cds_59,N,498,51.00
NZ_CP025710.1_cds_WP_012561167.1_60,N,366,55.74
NZ_CP025710.1_cds_WP_012561166.1_61,N,3237,52.86
NZ_CP025710.1_cds_WP_000342688.1_62,N,1530,43.86
NZ_CP025710.1_cds_WP_000706094.1_63,N,291,49.48
NZ_CP025710.1_cds_WP_001749974.1_64,N,420,42.62
NZ_CP025710.1_cds_WP_001749973.1_65,N,717,41.84
NZ_CP025710.1_cds_WP_000414913.1_66,N,369,47.70
NZ_CP025710.1_cds_WP_000999874.1_67,N,345,56.23
NZ_CP025710.1_cds_WP_001749971.1_68,N,321,54.52
NZ_CP025710.1_cds_WP_000214483.1_69,N,180,50.00
NZ_CP025710.1_cds_WP_000129958.1_70,N,510,45.49
NZ_CP025710.1_cds_WP_012561126.1_71,N,333,51.35
NZ_CP025710.1_cds_WP_001750002.1_72,N,285,53.68
NZ_CP025710.1_cds_WP_001750003.1_73,N,360,51.67
NZ_CP025710.1_cds_WP_000545925.1_74,N,297,45.45
NZ_CP025710.1_cds_WP_000932975.1_75,N,240,42.50
NZ_CP025710.1_cds_WP_000881513.1_76,N,405,48.89
NZ_CP025710.1_cds_WP_000447669.1_77,N,426,47.89
NZ_CP025710.1_cds_WP_000861760.1_78,N,441,52.15
NZ_CP025710.1_cds_WP_001749980.1_79,N,1266,54.58
NZ_CP025710.1_cds_WP_001452808.1_80,N,792,52.27
NZ_CP025710.1_cds_WP_000057569.1_81,N,342,43.57
NZ_CP025711.1_cds_WP_019842081.1_1,N,879,44.48
NZ_CP025711.1_cds_WP_023352239.1_2,N,468,40.38
NZ_CP025711.1_cds_WP_024257200.1_3,N,1119,46.74
NZ_CP025711.1_cds_WP_023352241.1_4,N,261,49.43
NZ_CP025711.1_cds_WP_000186190.1_5,N,324,46.60
NZ_CP025711.1_cds_WP_000061334.1_6,N,252,41.27
NZ_CP025711.1_cds_WP_019842075.1_7,N,591,42.81
NZ_CP025711.1_cds_WP_000214376.1_8,N,345,44.06
NZ_CP025711.1_cds_WP_024176148.1_9,N,759,47.56
NZ_CP025711.1_cds_WP_000162907.1_10,N,1014,48.72
NZ_CP025711.1_cds_WP_019842072.1_11,N,354,46.61
NZ_CP025711.1_cds_WP_023352243.1_12,N,681,50.95
NZ_CP025711.1_cds_WP_019842070.1_13,N,441,48.53
NZ_CP025711.1_cds_WP_019842069.1_14,N,786,46.82
NZ_CP025711.1_cds_WP_021520001.1_15,N,435,48.05
NZ_CP025711.1_cds_WP_003019745.1_16,N,360,46.67
NZ_CP025711.1_cds_WP_032306350.1_17,N,2634,50.42
NZ_CP025711.1_cds_WP_019842066.1_18,N,156,42.95
NZ_CP025711.1_cds_WP_105955883.1_19,N,1944,48.51
NZ_CP025711.1_cds_WP_019842064.1_20,N,534,47.94
NZ_CP025711.1_cds_WP_019842063.1_21,N,330,38.18
NZ_CP025711.1_cds_WP_019842062.1_22,N,327,36.70
NZ_CP025711.1_cds_WP_019842061.1_23,N,2031,43.13
NZ_CP025711.1_cds_WP_000132695.1_24,N,186,45.70
NZ_CP025711.1_cds_WP_019842060.1_25,N,3819,47.16
NZ_CP025711.1_cds_WP_021556063.1_26,N,375,32.27
NZ_CP025711.1_cds_WP_019842058.1_27,N,954,45.49
NZ_CP025711.1_cds_WP_000087003.1_28,N,207,44.93
NZ_CP025711.1_cds_WP_004196234.1_29,N,198,47.98
NZ_CP025711.1_cds_WP_223556312.1_30,N,888,44.93
NZ_CP025711.1_cds_WP_105955884.1_31,N,366,43.44
NZ_CP025711.1_cds_WP_021519995.1_32,N,615,44.23
NZ_CP025711.1_cds_WP_021556058.1_33,N,369,36.31
NZ_CP025711.1_cds_WP_021556057.1_34,N,774,43.93
NZ_CP025711.1_cds_WP_024156334.1_35,N,1554,44.66
NZ_CP025711.1_cds_WP_000769001.1_36,N,201,36.82
NZ_CP025711.1_cds_WP_105955885.1_37,N,783,44.32
NZ_CP025711.1_cds_WP_000840370.1_38,N,1395,46.52
NZ_CP025711.1_cds_WP_000642284.1_39,N,444,47.97
NZ_CP025711.1_cds_WP_000748212.1_40,N,891,44.22
NZ_CP025711.1_cds_WP_000765386.1_41,N,708,44.07
NZ_CP025711.1_cds_WP_001090276.1_42,N,2544,46.89
NZ_CP025711.1_cds_WP_001208102.1_43,N,327,47.40
NZ_CP025711.1_cds_WP_023352257.1_44,N,384,47.40
NZ_CP025711.1_cds_WP_019842083.1_45,N,888,46.17
NZ_CP025711.1_cds_WP_021294253.1_46,N,405,41.73
NZ_CP025711.1_cds_WP_023352258.1_47,N,375,40.27
